,column,data_type
0,idn_servizio_sk,numerical
1,idn_cliente_sk,numerical
2,cdc_stato_servizio_calc,categorical
3,fk_cliente_unico,numerical
4,idc_id_key_servizio,categorical
5,idn_sito_sk,numerical
6,lds_prodotto_listino_2,categorical
7,sds_segmento_new,categorical
8,idc_id_key_cliente,categorical
9,lds_nome_listino,categorical
10,lds_macro_prodotto,categorical
11,idc_id_key_contratto,categorical
12,idn_contratto_sk,numerical
13,cdc_pdr,categorical
14,dta_creazione_att_swp,date
15,sds_commodity,categorical
16,mds_canale_acquisizione,categorical
17,cdc_rid,categorical
18,cdc_cap_nrm,categorical
19,lds_categoria_prodotto,categorical
20,lds_tipo_uso,categorical
21,sds_macro_categoria_ateco,categorical
22,sds_categoria_ateco_intermedia,categorical
23,qta_eta_nrm,numerical
24,cdc_residente,categorical
25,qta_indice_stress_comm_ult_30gg,numerical
26,qta_indice_contattosita_ult_30gg,numerical
27,val_fascia_stress,numerical
28,val_fascia_contattosita,numerical
29,mds_tipologia_pagamento,categorical
30,cdc_id_mercato,categorical
31,lds_nazione_nascita,categorical
32,sds_provincia_fatturazione,categorical
33,sds_provincia_fornitura,categorical
34,sds_regione_fornitura,categorical
35,sds_regione_fatturazione,categorical
36,sds_mat_fatturazione,categorical
37,sds_mat_fornitura,categorical
38,sds_provincia,categorical
39,sds_regione,categorical
40,sds_mat,categorical
41,flc_sesso_nrm,categorical
42,val_paga_ritardo_max_ciclo_last_6_months,numerical
43,val_paga_ritardo_mean_ciclo_last_6_months,numerical
44,val_paga_ritardo_min_ciclo_last_6_months,numerical
45,val_paga_ritardo_sum_ciclo_last_6_months,numerical
46,qta_paga_ritardo_ciclo_last_6_months,numerical
47,val_paga_ritardo_max_ciclo_last_3_months,numerical
48,val_paga_ritardo_mean_ciclo_last_3_months,numerical
49,val_paga_ritardo_min_ciclo_last_3_months,numerical
50,val_paga_ritardo_sum_ciclo_last_3_months,numerical
51,qta_paga_ritardo_ciclo_last_3_months,numerical
52,val_paga_ritardo_max_ciclo_last_1_months,numerical
53,val_paga_ritardo_mean_ciclo_last_1_months,numerical
54,val_paga_ritardo_min_ciclo_last_1_months,numerical
55,val_paga_ritardo_sum_ciclo_last_1_months,numerical
56,qta_paga_ritardo_ciclo_last_1_months,numerical
57,lds_societa_vendita,categorical
58,fln_player_forte,numerical
59,cdc_win_back_m3,categorical
60,fln_player_forte_win_back,numerical
61,mds_sottocanale,categorical
62,flc_vas,categorical
63,qta_cnt_mds_tipologia_attivita_gestione_pagamenti_m1,numerical
64,qta_cnt_mds_tipologia_attivita_gestione_pagamenti_m3,numerical
65,qta_cnt_mds_tipologia_attivita_gestione_pagamenti_m6,numerical
66,qta_cnt_mds_tipologia_attivita_gestione_pagamenti_m9,numerical
67,qta_cnt_mds_tipologia_attivita_gestione_pagamenti_m12,numerical
68,val_churn,numerical
69,val_churn_3_months,numerical
70,val_comunicazione_swp_1_month,numerical
71,val_comunicazione_swp_2_months,numerical
72,val_comunicazione_swp_3_months,numerical
73,qta_anzianita_servizio,numerical
74,fln_prima_meta,numerical
75,fln_rischio_Baby_Churn,numerical
76,fln_rischio_Pre_Rinnovo,numerical
77,val_perc_Abitazioni_Residenti,numerical
78,val_perc_Abitazioni_Vuote,numerical
79,val_perc_Altri_Tipi_Alloggio,numerical
80,val_perc_Abitazioni_Non_Residenti,numerical
81,val_perc_Famiglie_Alloggio_Affitto,numerical
82,val_perc_Famiglie_Alloggio_Proprieta,numerical
83,val_perc_Famiglie_Alloggio_Altro,numerical
84,val_perc_Famiglie_1_Componente,numerical
85,val_perc_Famiglie_2_Componente,numerical
86,val_perc_Famiglie_3_Componente,numerical
87,val_perc_Famiglie_4_Componente,numerical
88,val_perc_Famiglie_5_Componente,numerical
89,val_perc_Famiglie_6+_Componente,numerical
90,val_pop_res_totale,numerical
91,val_pop_res_totale_15_anni_e_piu_casalinghe,numerical
92,val_reddito_disponibile,numerical
93,val_consumi_famiglie,numerical
94,val_pop_res_totale_15_anni_e_piu_non_appartenente_alle_forze_di_lavoro_nfl,numerical
95,val_studenti,numerical
96,val_pop_res_totale_che_si_sposta_giornalmente_nel_comune_dimora_abituale,numerical
97,val_pop_res_totale_che_si_sposta_giornalmente_fuori_dal_comune_dimora_abituale,numerical
98,val_totale_istruzione_pesata,numerical
99,mds_comune,categorical
100,mds_provincia,categorical
101,mds_land_type,categorical
102,cdc_cd_censimento,categorical
103,cdc_istat,categorical
104,cdc_Codice_Regione,categorical
105,cdc_Zona_altimetrica,categorical
106,val_Altitudine_del_centro,numerical
107,fln_Comune_litoraneo,numerical
108,cdc_Comune_Montano,categorical
109,val_Superficie_territoriale,numerical
110,qta_Grado_di_urbanizzazione,numerical
111,sds_cluster_ele,categorical
112,sds_cluster_gas,categorical
113,sds_segmento_fasce,categorical
114,qta_giorni_ultimo_contatto_inbound,numerical
115,qta_giorni_ultimo_contatto_outbound,numerical
116,qta_giorni_ultimo_reclamo,numerical
117,mds_canale_acqu_fornitura,categorical
118,lds_categoria_uso,categorical
119,cdc_causale_attivazione,categorical
120,qta_numero_fattura_count_ciclo_last_1_months,numerical
121,qta_numero_fattura_count_ciclo_last_3_months,numerical
122,qta_numero_fattura_count_ciclo_last_6_months,numerical
123,qta_numero_fattura_count_ciclo_last_9_months,numerical
124,qta_numero_fattura_count_ciclo_last_12_months,numerical
125,qta_cnt_mds_specifica_adesione_m1,numerical
126,qta_cnt_mds_specifica_adesione_m3,numerical
127,qta_cnt_mds_specifica_adesione_m6,numerical
128,qta_cnt_mds_specifica_adesione_m9,numerical
129,qta_cnt_mds_specifica_adesione_m12,numerical
130,qta_cnt_mds_specifica_disdetta_m1,numerical
131,qta_cnt_mds_specifica_disdetta_m3,numerical
132,qta_cnt_mds_specifica_disdetta_m6,numerical
133,qta_cnt_mds_specifica_disdetta_m9,numerical
134,qta_cnt_mds_specifica_disdetta_m12,numerical
135,qta_cnt_mds_specifica_other_m1,numerical
136,qta_cnt_mds_specifica_other_m3,numerical
137,qta_cnt_mds_specifica_other_m6,numerical
138,qta_cnt_mds_specifica_other_m9,numerical
139,qta_cnt_mds_specifica_other_m12,numerical
140,qta_cnt_mds_specifica_visualizzazione_area_clienti_m1,numerical
141,qta_cnt_mds_specifica_visualizzazione_area_clienti_m3,numerical
142,qta_cnt_mds_specifica_visualizzazione_area_clienti_m6,numerical
143,qta_cnt_mds_specifica_visualizzazione_area_clienti_m9,numerical
144,qta_cnt_mds_specifica_visualizzazione_area_clienti_m12,numerical
145,qta_cnt_mds_tipologia_attivita_gestione_clienti_m1,numerical
146,qta_cnt_mds_tipologia_attivita_gestione_clienti_m3,numerical
147,qta_cnt_mds_tipologia_attivita_gestione_clienti_m6,numerical
148,qta_cnt_mds_tipologia_attivita_gestione_clienti_m9,numerical
149,qta_cnt_mds_tipologia_attivita_gestione_clienti_m12,numerical
150,qta_cnt_mds_tipologia_attivita_gestione_consumi_m1,numerical
151,qta_cnt_mds_tipologia_attivita_gestione_consumi_m3,numerical
152,qta_cnt_mds_tipologia_attivita_gestione_consumi_m6,numerical
153,qta_cnt_mds_tipologia_attivita_gestione_consumi_m9,numerical
154,qta_cnt_mds_tipologia_attivita_gestione_consumi_m12,numerical
155,qta_cnt_mds_tipologia_attivita_other_m1,numerical
156,qta_cnt_mds_tipologia_attivita_other_m3,numerical
157,qta_cnt_mds_tipologia_attivita_other_m6,numerical
158,qta_cnt_mds_tipologia_attivita_other_m9,numerical
159,qta_cnt_mds_tipologia_attivita_other_m12,numerical
160,cdc_commodity_attive,categorical
161,qta_cnt_mds_tipologia_attivita_gestione_bolletta_m1,numerical
162,qta_cnt_mds_tipologia_attivita_gestione_bolletta_m3,numerical
163,qta_cnt_mds_tipologia_attivita_gestione_bolletta_m6,numerical
164,qta_cnt_mds_tipologia_attivita_gestione_bolletta_m9,numerical
165,qta_cnt_mds_tipologia_attivita_gestione_bolletta_m12,numerical
166,qta_cnt_mds_tipologia_attivita_gestione_documenti_m1,numerical
167,qta_cnt_mds_tipologia_attivita_gestione_documenti_m3,numerical
168,qta_cnt_mds_tipologia_attivita_gestione_documenti_m6,numerical
169,qta_cnt_mds_tipologia_attivita_gestione_documenti_m9,numerical
170,qta_cnt_mds_tipologia_attivita_gestione_documenti_m12,numerical
171,qta_cnt_mds_tipologia_attivita_gestione_comunicazioni_m1,numerical
172,qta_cnt_mds_tipologia_attivita_gestione_comunicazioni_m3,numerical
173,qta_cnt_mds_tipologia_attivita_gestione_comunicazioni_m6,numerical
174,qta_cnt_mds_tipologia_attivita_gestione_comunicazioni_m9,numerical
175,qta_cnt_mds_tipologia_attivita_gestione_comunicazioni_m12,numerical
176,val_churn_2_months,numerical
177,lds_comune_fornitura,categorical
178,cdc_bolletta_web,categorical
179,cdc_cluster_fattura_last,categorical
180,fln_primo_contatto_inbound,numerical
181,cdc_canale_criticita_infra_last_90_days,categorical
182,fln_criticita_infra_last_90_days,numerical
183,cdc_motivazione_criticita_infra_last_90_days,categorical
184,fln_criticita_cross_last_90_days,numerical
185,cdc_motivazione_criticita_cross_last_90_days,categorical
186,qta_days_since_last_inbound_contact,numerical
187,qta_days_since_last_inbound_contact_channel_APP,numerical
188,qta_days_since_last_inbound_contact_channel_FACE,numerical
189,qta_days_since_last_inbound_contact_channel_TELEFONICO,numerical
190,qta_days_since_last_inbound_contact_channel_DOCUMENTALE_COMPLESSO,numerical
191,qta_days_since_last_inbound_contact_channel_DOCUMENTALE,numerical
192,qta_days_since_last_inbound_contact_channel_CHAT,numerical
193,qta_days_since_last_inbound_contact_channel_WEB,numerical
194,qta_days_since_last_inbound_contact_microcausale_RETTIFICHE_CONSUMI_FATTURAZIONE,numerical
195,qta_days_since_last_inbound_contact_microcausale_INFORMATIVA,numerical
196,qta_days_since_last_inbound_contact_microcausale_VOLTURA,numerical
197,qta_days_since_last_inbound_contact_microcausale_PRIMA_ATTIVAZIONE,numerical
198,qta_days_since_last_inbound_contact_microcausale_COPIA_DOCUMENTAZIONI,numerical
199,qta_days_since_last_inbound_contact_microcausale_RIMBORSO_COMPENSAZIONE,numerical
200,qta_days_since_last_inbound_contact_microcausale_LAVORI_E_MODIFICHE_TECNICHE_POTENZA_TENSIONE,numerical
201,qta_days_since_last_inbound_contact_microcausale_INFORMATIVA_CREDITO,numerical
202,qta_days_since_last_inbound_contact_microcausale_DISTACCHI_RIALLACCI,numerical
203,qta_days_since_last_inbound_contact_microcausale_DISDETTE_E_CESSAZIONI,numerical
204,qta_days_since_last_inbound_contact_microcausale_GESTIONE_VAS,numerical
205,qta_days_since_last_inbound_contact_microcausale_AUTOLETTURA,numerical
206,qta_days_since_last_inbound_contact_microcausale_RIPENSAMENTO_O_DISCONOSCIMENTO,numerical
207,qta_days_since_last_inbound_contact_microcausale_MODIFICA_ANAGRAFICA_O_DATI_FORNITURA_FATTURAZIONE,numerical
208,qta_days_since_last_inbound_contact_microcausale_GESTIONE_FORNITURA,numerical
209,qta_days_since_last_inbound_contact_microcausale_RECLAMI_SCRITTI,numerical
210,qta_days_since_last_inbound_contact_microcausale_REPEATED_LIST,numerical
211,qta_days_since_last_inbound_contact_microcausale_INFORMATIVA_CONSUMI_PAGAMENTI,numerical
212,qta_days_since_last_inbound_contact_microcausale_SWITCH_ATTIVO,numerical
213,qta_days_since_last_inbound_contact_microcausale_MODALITA_DI_PAGAMENTO,numerical
214,qta_days_since_last_inbound_contact_microcausale_ALLACCIO_E_ATTIVAZIONE,numerical
215,qta_days_since_last_inbound_contact_microcausale_VERIFICHE_TECNICHE,numerical
216,qta_days_since_last_inbound_contact_microcausale_INFORMATIVA_NON_DI_COMPETENZA,numerical
217,qta_days_since_last_inbound_contact_microcausale_RVC,numerical
218,qta_days_since_last_inbound_contact_microcausale_GESTIONE_PRIVACY,numerical
219,qta_days_since_last_inbound_contact_microcausale_PIANO_DI_RIENTRO,numerical
220,qta_days_since_last_inbound_contact_microcausale_SUBENTRO,numerical
221,qta_days_since_last_inbound_contact_macrocausale_Causale_non_definita,numerical
222,qta_days_since_last_inbound_contact_macrocausale_Chiarimenti_su_fatture,numerical
223,qta_days_since_last_inbound_contact_macrocausale_Chiarimento_su_offerta,numerical
224,qta_days_since_last_inbound_contact_macrocausale_Credito,numerical
225,qta_days_since_last_inbound_contact_macrocausale_Esecuzione_lavori,numerical
226,qta_days_since_last_inbound_contact_macrocausale_Informativa,numerical
227,qta_days_since_last_inbound_contact_macrocausale_Problemi_in_fase_di_attivazione,numerical
228,qta_days_since_last_inbound_contact_macrocausale_Reclami_vendita_Privacy,numerical
229,qta_days_since_last_inbound_contact_macrocausale_Ritardata_esecuzione_subentri_volture_cessazioni_etc,numerical
230,fln_cliente_response_positiva_last_3_months,numerical
231,qta_cnt_cliente_response_positiva_last_3_months,numerical
232,fln_cliente_response_negativa_last_3_months,numerical
233,qta_cnt_cliente_response_negativa_last_3_months,numerical
234,fln_cliente_con_response_marketing_utile_last_3_months,numerical
235,qta_cnt_cliente_con_response_marketing_utile_last_3_months,numerical
236,fln_cliente_response_competitor_last_3_months,numerical
237,qta_cnt_flag_response_competitor_last_3_months,numerical
238,fln_cliente_accetta_proposta_last_3_months,numerical
239,qta_cnt_cliente_accetta_proposta_last_3_months,numerical
240,mds_nome_campagna_last_response_marketing_cli,categorical
241,xds_canale_last_response_marketing_cli,categorical
242,xds_tipo_azione_campagna_last_response_marketing_cli,categorical
243,xds_tipologia_azione_last_response_marketing_cli,categorical
244,qta_days_last_response_marketing_cli,numerical
245,qta_cnt_campagne_mktg_DEM_OUTBOUND_LOYALTY_PROMOZIONE_last_3_months,numerical
246,qta_cnt_campagne_mktg_GMC_OUTBOUND_ACQUISITION_DISPOSITIVA_last_3_months,numerical
247,qta_cnt_campagne_mktg_canale_DEM_last_3_months,numerical
248,qta_cnt_campagne_mktg_canale_GMC_last_3_months,numerical
249,qta_cnt_campagne_mktg_orientamento_OUTBOUND_last_3_months,numerical
250,qta_cnt_campagne_mktg_tipo_azione_campagna_PROMOZIONE_last_3_months,numerical
251,qta_cnt_campagne_mktg_tipologia_azione_LOYALTY_last_3_months,numerical
252,qta_cnt_campagne_mktg_APP_OUTBOUND_ACQUISITION_INFORMATIVA_last_3_months,numerical
253,qta_cnt_campagne_mktg_APP_OUTBOUND_CROSS_SELLING_DISPOSITIVA_last_3_months,numerical
254,qta_cnt_campagne_mktg_APP_OUTBOUND_LOYALTY_PROMOZIONE_last_3_months,numerical
255,qta_cnt_campagne_mktg_CS_OUTBOUND_CARING_ALTRO_last_3_months,numerical
256,qta_cnt_campagne_mktg_CS_OUTBOUND_UP_SELLING_DISPOSITIVA_last_3_months,numerical
257,qta_cnt_campagne_mktg_DEM_OUTBOUND_ACQUISITION_DISPOSITIVA_last_3_months,numerical
258,qta_cnt_campagne_mktg_DEM_OUTBOUND_ACQUISITION_INFORMATIVA_last_3_months,numerical
259,qta_cnt_campagne_mktg_DEM_OUTBOUND_ALTRO_DISPOSITIVA_last_3_months,numerical
260,qta_cnt_campagne_mktg_DEM_OUTBOUND_ALTRO_INFORMATIVA_last_3_months,numerical
261,qta_cnt_campagne_mktg_DEM_OUTBOUND_CARING_ALTRO_last_3_months,numerical
262,qta_cnt_campagne_mktg_DEM_OUTBOUND_CARING_CROSSSELLING_DISPOSITIVA_last_3_months,numerical
263,qta_cnt_campagne_mktg_DEM_OUTBOUND_CARING_DISPOSITIVA_last_3_months,numerical
264,qta_cnt_campagne_mktg_DEM_OUTBOUND_CARING_INFORMATIVA_last_3_months,numerical
265,qta_cnt_campagne_mktg_DEM_OUTBOUND_CARING_PROMOZIONE_last_3_months,numerical
266,qta_cnt_campagne_mktg_DEM_OUTBOUND_CROSS_SELLING_DISPOSITIVA_last_3_months,numerical
267,qta_cnt_campagne_mktg_DEM_OUTBOUND_LOYALTY_INFORMATIVA_last_3_months,numerical
268,qta_cnt_campagne_mktg_DEM_OUTBOUND_UP_SELLING_DISPOSITIVA_last_3_months,numerical
269,qta_cnt_campagne_mktg_DEM_OUTBOUND_UP_SELLING_INFORMATIVA_last_3_months,numerical
270,qta_cnt_campagne_mktg_DEM_OUTBOUND_UP_SELLING_TEST_last_3_months,numerical
271,qta_cnt_campagne_mktg_FATTURA_OUTBOUND_ACQUISITION_DISPOSITIVA_last_3_months,numerical
272,qta_cnt_campagne_mktg_FATTURA_OUTBOUND_ALTRO_INFORMATIVA_last_3_months,numerical
273,qta_cnt_campagne_mktg_FATTURA_OUTBOUND_CARING_DISPOSITIVA_last_3_months,numerical
274,qta_cnt_campagne_mktg_FATTURA_OUTBOUND_CARING_INFORMATIVA_last_3_months,numerical
275,qta_cnt_campagne_mktg_FATTURA_OUTBOUND_CROSS_SELLING_DISPOSITIVA_last_3_months,numerical
276,qta_cnt_campagne_mktg_FATTURA_OUTBOUND_CROSS_SELLING_PROMOZIONE_last_3_months,numerical
277,qta_cnt_campagne_mktg_FATTURA_OUTBOUND_LOYALTY_PROMOZIONE_last_3_months,numerical
278,qta_cnt_campagne_mktg_FATTURA_OUTBOUND_UP_SELLING_PROMOZIONE_last_3_months,numerical
279,qta_cnt_campagne_mktg_RDM_OUTBOUND_RICERCHE_DI_MERCATO_ALTRO_last_3_months,numerical
280,qta_cnt_campagne_mktg_S2S_INBOUND_ACQUISITION_INFORMATIVA_last_3_months,numerical
281,qta_cnt_campagne_mktg_S2S_INBOUND_CARING_INFORMATIVA_last_3_months,numerical
282,qta_cnt_campagne_mktg_S2S_INBOUND_CROSS_SELLING_DISPOSITIVA_last_3_months,numerical
283,qta_cnt_campagne_mktg_S2S_INBOUND_CROSS_SELLING_PROMOZIONE_last_3_months,numerical
284,qta_cnt_campagne_mktg_S2S_INBOUND_UP_SELLING_DISPOSITIVA_last_3_months,numerical
285,qta_cnt_campagne_mktg_SMS_OUTBOUND_1TO1_CROSSSELLING_DISPOSITIVA_last_3_months,numerical
286,qta_cnt_campagne_mktg_SMS_OUTBOUND_ACQUISITION_DISPOSITIVA_last_3_months,numerical
287,qta_cnt_campagne_mktg_SMS_OUTBOUND_ACQUISITION_INFORMATIVA_last_3_months,numerical
288,qta_cnt_campagne_mktg_SMS_OUTBOUND_CARING_CROSSSELLING_DISPOSITIVA_last_3_months,numerical
289,qta_cnt_campagne_mktg_SMS_OUTBOUND_CARING_DISPOSITIVA_last_3_months,numerical
290,qta_cnt_campagne_mktg_SMS_OUTBOUND_CARING_INFORMATIVA_last_3_months,numerical
291,qta_cnt_campagne_mktg_SMS_OUTBOUND_CARING_PROMOZIONE_last_3_months,numerical
292,qta_cnt_campagne_mktg_SMS_OUTBOUND_CROSS_SELLING_DISPOSITIVA_last_3_months,numerical
293,qta_cnt_campagne_mktg_SMS_OUTBOUND_LOYALTY_INFORMATIVA_last_3_months,numerical
294,qta_cnt_campagne_mktg_SMS_OUTBOUND_UP_SELLING_DISPOSITIVA_last_3_months,numerical
295,qta_cnt_campagne_mktg_SMS_OUTBOUND_UP_SELLING_PROMOZIONE_last_3_months,numerical
296,qta_cnt_campagne_mktg_TLS_OUTBOUND_1TO1_CROSSSELLING_DISPOSITIVA_last_3_months,numerical
297,qta_cnt_campagne_mktg_TLS_OUTBOUND_ACQUISITION_DISPOSITIVA_last_3_months,numerical
298,qta_cnt_campagne_mktg_TLS_OUTBOUND_CROSS_SELLING_DISPOSITIVA_last_3_months,numerical
299,qta_cnt_campagne_mktg_WEB_INBOUND_CARING_INFORMATIVA_last_3_months,numerical
300,qta_cnt_campagne_mktg_WEB_INBOUND_CROSS_SELLING_DISPOSITIVA_last_3_months,numerical
301,val_Residenti,numerical
302,val_Lavoratori,numerical
303,val_Turisti_totali,numerical
304,lds_RETE_GAS,categorical
305,val_QUOTA_TUTELATO,numerical
306,val_POT_GAS_NETTO,numerical
307,val_QUOTA_LIBERO,numerical
308,lds_Cluster_Polis_11_gruppi,categorical
309,val_Sh_ENEL_GAS,numerical
310,val_Sh_ENEL_POWER,numerical
311,val_Idx_Commercio,numerical
312,val_Negozi_Compr_Mean,numerical
313,val_Negozi_Loc_Mean,numerical
314,val_POT_POWER_NETTO,numerical
315,val_POT_TOTALE,numerical
316,val_POT_TOTALE_NETTO,numerical
317,sds_segmento_organizzativo_cliente,categorical
318,val_consumi_x_max_ciclo_ele_last_6_months,numerical
319,val_consumi_x_min_ciclo_ele_last_6_months,numerical
320,val_consumi_x_mean_ciclo_ele_last_6_months,numerical
321,val_consumi_x_sum_ciclo_ele_last_6_months,numerical
322,val_importo_addebito_x_sum_ciclo_ele_last_6_months,numerical
323,val_importo_addebito_x_mean_ciclo_ele_last_6_months,numerical
324,val_importo_addebito_x_min_ciclo_ele_last_6_months,numerical
325,val_importo_addebito_x_max_ciclo_ele_last_6_months,numerical
326,val_totale_pagare_x_sum_ciclo_ele_last_6_months,numerical
327,val_totale_pagare_x_mean_ciclo_ele_last_6_months,numerical
328,val_totale_pagare_x_min_ciclo_ele_last_6_months,numerical
329,val_totale_pagare_x_max_ciclo_ele_last_6_months,numerical
330,val_consumi_x_max_over_mean_ciclo_ele_last_6_months,numerical
331,val_consumi_x_min_over_mean_ciclo_ele_last_6_months,numerical
332,val_importo_addebito_x_max_over_mean_ciclo_ele_last_6_months,numerical
333,val_totale_pagare_x_min_over_mean_ciclo_ele_last_6_months,numerical
334,val_totale_pagare_x_max_over_mean_ciclo_ele_last_6_months,numerical
335,val_importo_addebito_x_min_over_mean_ciclo_ele_last_6_months,numerical
336,val_consumi_x_max_ciclo_ele_last_3_months,numerical
337,val_consumi_x_min_ciclo_ele_last_3_months,numerical
338,val_consumi_x_mean_ciclo_ele_last_3_months,numerical
339,val_consumi_x_sum_ciclo_ele_last_3_months,numerical
340,val_importo_addebito_x_sum_ciclo_ele_last_3_months,numerical
341,val_importo_addebito_x_mean_ciclo_ele_last_3_months,numerical
342,val_importo_addebito_x_min_ciclo_ele_last_3_months,numerical
343,val_importo_addebito_x_max_ciclo_ele_last_3_months,numerical
344,val_totale_pagare_x_sum_ciclo_ele_last_3_months,numerical
345,val_totale_pagare_x_mean_ciclo_ele_last_3_months,numerical
346,val_totale_pagare_x_min_ciclo_ele_last_3_months,numerical
347,val_totale_pagare_x_max_ciclo_ele_last_3_months,numerical
348,val_consumi_x_max_over_mean_ciclo_ele_last_3_months,numerical
349,val_consumi_x_min_over_mean_ciclo_ele_last_3_months,numerical
350,val_importo_addebito_x_max_over_mean_ciclo_ele_last_3_months,numerical
351,val_totale_pagare_x_min_over_mean_ciclo_ele_last_3_months,numerical
352,val_totale_pagare_x_max_over_mean_ciclo_ele_last_3_months,numerical
353,val_importo_addebito_x_min_over_mean_ciclo_ele_last_3_months,numerical
354,val_consumi_x_max_ciclo_ele_last_1_months,numerical
355,val_consumi_x_min_ciclo_ele_last_1_months,numerical
356,val_consumi_x_mean_ciclo_ele_last_1_months,numerical
357,val_consumi_x_sum_ciclo_ele_last_1_months,numerical
358,val_importo_addebito_x_sum_ciclo_ele_last_1_months,numerical
359,val_importo_addebito_x_mean_ciclo_ele_last_1_months,numerical
360,val_importo_addebito_x_min_ciclo_ele_last_1_months,numerical
361,val_importo_addebito_x_max_ciclo_ele_last_1_months,numerical
362,val_totale_pagare_x_sum_ciclo_ele_last_1_months,numerical
363,val_totale_pagare_x_mean_ciclo_ele_last_1_months,numerical
364,val_totale_pagare_x_min_ciclo_ele_last_1_months,numerical
365,val_totale_pagare_x_max_ciclo_ele_last_1_months,numerical
366,val_consumi_x_max_over_mean_ciclo_ele_last_1_months,numerical
367,val_consumi_x_min_over_mean_ciclo_ele_last_1_months,numerical
368,val_importo_addebito_x_max_over_mean_ciclo_ele_last_1_months,numerical
369,val_totale_pagare_x_min_over_mean_ciclo_ele_last_1_months,numerical
370,val_totale_pagare_x_max_over_mean_ciclo_ele_last_1_months,numerical
371,val_importo_addebito_x_min_over_mean_ciclo_ele_last_1_months,numerical
372,val_consumi_x_max_ciclo_gas_last_6_months,numerical
373,val_consumi_x_min_ciclo_gas_last_6_months,numerical
374,val_consumi_x_mean_ciclo_gas_last_6_months,numerical
375,val_consumi_x_sum_ciclo_gas_last_6_months,numerical
376,val_importo_addebito_x_sum_ciclo_gas_last_6_months,numerical
377,val_importo_addebito_x_mean_ciclo_gas_last_6_months,numerical
378,val_importo_addebito_x_min_ciclo_gas_last_6_months,numerical
379,val_importo_addebito_x_max_ciclo_gas_last_6_months,numerical
380,val_totale_pagare_x_sum_ciclo_gas_last_6_months,numerical
381,val_totale_pagare_x_mean_ciclo_gas_last_6_months,numerical
382,val_totale_pagare_x_min_ciclo_gas_last_6_months,numerical
383,val_totale_pagare_x_max_ciclo_gas_last_6_months,numerical
384,val_consumi_x_max_over_mean_ciclo_gas_last_6_months,numerical
385,val_consumi_x_min_over_mean_ciclo_gas_last_6_months,numerical
386,val_importo_addebito_x_max_over_mean_ciclo_gas_last_6_months,numerical
387,val_totale_pagare_x_min_over_mean_ciclo_gas_last_6_months,numerical
388,val_totale_pagare_x_max_over_mean_ciclo_gas_last_6_months,numerical
389,val_importo_addebito_x_min_over_mean_ciclo_gas_last_6_months,numerical
390,val_consumi_x_max_ciclo_gas_last_3_months,numerical
391,val_consumi_x_min_ciclo_gas_last_3_months,numerical
392,val_consumi_x_mean_ciclo_gas_last_3_months,numerical
393,val_consumi_x_sum_ciclo_gas_last_3_months,numerical
394,val_importo_addebito_x_sum_ciclo_gas_last_3_months,numerical
395,val_importo_addebito_x_mean_ciclo_gas_last_3_months,numerical
396,val_importo_addebito_x_min_ciclo_gas_last_3_months,numerical
397,val_importo_addebito_x_max_ciclo_gas_last_3_months,numerical
398,val_totale_pagare_x_sum_ciclo_gas_last_3_months,numerical
399,val_totale_pagare_x_mean_ciclo_gas_last_3_months,numerical
400,val_totale_pagare_x_min_ciclo_gas_last_3_months,numerical
401,val_totale_pagare_x_max_ciclo_gas_last_3_months,numerical
402,val_consumi_x_max_over_mean_ciclo_gas_last_3_months,numerical
403,val_consumi_x_min_over_mean_ciclo_gas_last_3_months,numerical
404,val_importo_addebito_x_max_over_mean_ciclo_gas_last_3_months,numerical
405,val_totale_pagare_x_min_over_mean_ciclo_gas_last_3_months,numerical
406,val_totale_pagare_x_max_over_mean_ciclo_gas_last_3_months,numerical
407,val_importo_addebito_x_min_over_mean_ciclo_gas_last_3_months,numerical
408,val_consumi_x_max_ciclo_gas_last_1_months,numerical
409,val_consumi_x_min_ciclo_gas_last_1_months,numerical
410,val_consumi_x_mean_ciclo_gas_last_1_months,numerical
411,val_consumi_x_sum_ciclo_gas_last_1_months,numerical
412,val_importo_addebito_x_sum_ciclo_gas_last_1_months,numerical
413,val_importo_addebito_x_mean_ciclo_gas_last_1_months,numerical
414,val_importo_addebito_x_min_ciclo_gas_last_1_months,numerical
415,val_importo_addebito_x_max_ciclo_gas_last_1_months,numerical
416,val_totale_pagare_x_sum_ciclo_gas_last_1_months,numerical
417,val_totale_pagare_x_mean_ciclo_gas_last_1_months,numerical
418,val_totale_pagare_x_min_ciclo_gas_last_1_months,numerical
419,val_totale_pagare_x_max_ciclo_gas_last_1_months,numerical
420,val_consumi_x_max_over_mean_ciclo_gas_last_1_months,numerical
421,val_consumi_x_min_over_mean_ciclo_gas_last_1_months,numerical
422,val_importo_addebito_x_max_over_mean_ciclo_gas_last_1_months,numerical
423,val_totale_pagare_x_min_over_mean_ciclo_gas_last_1_months,numerical
424,val_totale_pagare_x_max_over_mean_ciclo_gas_last_1_months,numerical
425,val_importo_addebito_x_min_over_mean_ciclo_gas_last_1_months,numerical
426,val_totale_pagare_x_last_ciclo,numerical
427,val_importo_addebito_x_last_ciclo,numerical
428,val_importo_addebito_x_last,numerical
429,val_totale_pagare_x_last,numerical
430,val_totale_pagare_x_last_over_mean,numerical
431,cdc_power_gas,categorical
432,qta_cnt_contatti_outbound_all_channel_m1,numerical
433,qta_cnt_contatti_outbound_all_channel_m3,numerical
434,qta_cnt_contatti_outbound_all_channel_m6,numerical
435,qta_cnt_contatti_outbound_all_channel_m9,numerical
436,qta_cnt_contatti_outbound_all_channel_m12,numerical
437,qta_cnt_contatti_inbound_all_channel_m1,numerical
438,qta_cnt_contatti_inbound_all_channel_m3,numerical
439,qta_cnt_contatti_inbound_all_channel_m6,numerical
440,qta_cnt_contatti_inbound_all_channel_m9,numerical
441,qta_cnt_contatti_inbound_all_channel_m12,numerical
442,qta_cnt_contatti_inbound_totali_last_90_days,numerical
443,qta_cnt_canale_APP_last_90_days,numerical
444,qta_cnt_canale_CHAT_last_90_days,numerical
445,qta_cnt_canale_DOCUMENTALE_last_90_days,numerical
446,qta_cnt_canale_DOCUMENTALE_COMPLESSO_last_90_days,numerical
447,qta_cnt_canale_FACE_last_90_days,numerical
448,qta_cnt_canale_TELEFONICO_last_90_days,numerical
449,qta_cnt_canale_WEB_last_90_days,numerical
450,qta_cnt_microcausale_ALLACCIO_E_ATTIVAZIONE_last_90_days,numerical
451,qta_cnt_microcausale_AUTOLETTURA_last_90_days,numerical
452,qta_cnt_microcausale_COPIA_DOCUMENTAZIONI_last_90_days,numerical
453,qta_cnt_microcausale_DISDETTE_E_CESSAZIONI_last_90_days,numerical
454,qta_cnt_microcausale_DISTACCHI_RIALLACCI_last_90_days,numerical
455,qta_cnt_microcausale_GESTIONE_FORNITURA_last_90_days,numerical
456,qta_cnt_microcausale_GESTIONE_PRIVACY_last_90_days,numerical
457,qta_cnt_microcausale_GESTIONE_VAS_last_90_days,numerical
458,qta_cnt_microcausale_INFORMATIVA_last_90_days,numerical
459,qta_cnt_microcausale_INFORMATIVA_CONSUMI_PAGAMENTI_last_90_days,numerical
460,qta_cnt_microcausale_INFORMATIVA_CREDITO_last_90_days,numerical
461,qta_cnt_microcausale_INFORMATIVA_NON_DI_COMPETENZA_last_90_days,numerical
462,qta_cnt_microcausale_LAVORI_E_MODIFICHE_TECNICHE_POTENZA_TENSIONE_last_90_days,numerical
463,qta_cnt_microcausale_MODALITA_DI_PAGAMENTO_last_90_days,numerical
464,qta_cnt_microcausale_MODIFICA_ANAGRAFICA_O_DATI_FORNITURA_FATTURAZIONE_last_90_days,numerical
465,qta_cnt_microcausale_PIANO_DI_RIENTRO_last_90_days,numerical
466,qta_cnt_microcausale_PRIMA_ATTIVAZIONE_last_90_days,numerical
467,qta_cnt_microcausale_RECLAMI_SCRITTI_last_90_days,numerical
468,qta_cnt_microcausale_REPEATED_LIST_last_90_days,numerical
469,qta_cnt_microcausale_RETTIFICHE_CONSUMI_FATTURAZIONE_last_90_days,numerical
470,qta_cnt_microcausale_RIMBORSO_COMPENSAZIONE_last_90_days,numerical
471,qta_cnt_microcausale_RIPENSAMENTO_O_DISCONOSCIMENTO_last_90_days,numerical
472,qta_cnt_microcausale_RVC_last_90_days,numerical
473,qta_cnt_microcausale_SUBENTRO_last_90_days,numerical
474,qta_cnt_microcausale_SWITCH_ATTIVO_last_90_days,numerical
475,qta_cnt_microcausale_VERIFICHE_TECNICHE_last_90_days,numerical
476,qta_cnt_microcausale_VOLTURA_last_90_days,numerical
477,qta_cnt_macrocausale_Chiarimenti_su_fatture_last_90_days,numerical
478,qta_cnt_macrocausale_Chiarimento_su_offerta_last_90_days,numerical
479,qta_cnt_macrocausale_Credito_last_90_days,numerical
480,qta_cnt_macrocausale_Esecuzione_lavori_last_90_days,numerical
481,qta_cnt_macrocausale_Informativa_last_90_days,numerical
482,qta_cnt_macrocausale_Problemi_in_fase_di_attivazione_last_90_days,numerical
483,qta_cnt_macrocausale_Reclami_vendita_Privacy_last_90_days,numerical
484,qta_cnt_macrocausale_Ritardata_esecuzione_subentri_volture_cessazioni_etc_last_90_days,numerical
485,qta_frequenza_contatto,numerical
486,val_potenza_contrattuale,numerical
487,qta_cnt_mds_tipologia_attivita_gestione_credito_m1,numerical
488,qta_cnt_mds_tipologia_attivita_gestione_credito_m3,numerical
489,qta_cnt_mds_tipologia_attivita_gestione_credito_m6,numerical
490,qta_cnt_mds_tipologia_attivita_gestione_credito_m9,numerical
491,qta_cnt_mds_tipologia_attivita_gestione_credito_m12,numerical
492,fln_cell_m0_mono_flag,numerical
493,qta_cnt_mds_tipologia_attivita_gestione_notifiche_m1,numerical
494,qta_cnt_mds_tipologia_attivita_gestione_notifiche_m3,numerical
495,qta_cnt_mds_tipologia_attivita_gestione_notifiche_m6,numerical
496,qta_cnt_mds_tipologia_attivita_gestione_notifiche_m9,numerical
497,qta_cnt_mds_tipologia_attivita_gestione_notifiche_m12,numerical
498,dta_cessazione,date
499,fk_idn_audit_programma,numerical
500,dta_attivazione,date
501,dta_t0,date
502,qta_servizi_gas,numerical
503,qta_servizi_elettrici,numerical
504,val_rimborsi_mean_ciclo_last_3_months,numerical
505,qta_cnt_reclami_last_month,numerical
506,qta_cnt_attivita_allaccio_servizi_last_3_months,numerical
507,qta_cnt_attivita_analisi_fatturato_situazione_contabile_last_3_months,numerical
508,qta_cnt_attivita_autoletture_last_3_months,numerical
509,qta_cnt_attivita_blacklist_last_3_months,numerical
510,qta_cnt_attivita_bolletta_fatturazione_last_3_months,numerical
511,qta_cnt_attivita_bye_bye_letter_last_3_months,numerical
512,qta_cnt_attivita_comunicazione_SWP_last_3_months,numerical
513,qta_cnt_attivita_contratti_last_3_months,numerical
514,qta_cnt_attivita_credito_last_3_months,numerical
515,qta_cnt_attivita_dl_piano_casa_last_3_months,numerical
516,qta_cnt_attivita_dati_catastali_last_3_months,numerical
517,qta_cnt_attivita_delibera_147_last_3_months,numerical
518,qta_cnt_attivita_fattura_mancata_ritardata_last_3_months,numerical
519,qta_cnt_attivita_gestione_clienti_last_3_months,numerical
520,qta_cnt_attivita_indennizzo_last_3_months,numerical
521,qta_cnt_attivita_invio_WL_pesante_last_3_months,numerical
522,qta_cnt_attivita_lavori_rete_last_3_months,numerical
523,qta_cnt_attivita_modifiche_variazioni_last_3_months,numerical
524,qta_cnt_attivita_morosita_last_3_months,numerical
525,qta_cnt_attivita_pagamenti_metodi_pagamento_last_3_months,numerical
526,qta_cnt_attivita_posta_documenti_last_3_months,numerical
527,qta_cnt_attivita_processi_richieste_suggello_recesso_voltura_last_3_months,numerical
528,qta_cnt_attivita_recesso_suggello_voltura_mancata_ritardata_last_3_months,numerical
529,qta_cnt_attivita_reclamo_last_3_months,numerical
530,qta_cnt_attivita_ricezione_invio_documentazione_last_3_months,numerical
531,qta_cnt_attivita_richiesta_informazioni_last_3_months,numerical
532,qta_cnt_attivita_ripensamento_last_3_months,numerical
533,qta_cnt_attivita_secondo_livello_last_3_months,numerical
534,qta_cnt_attivita_sito_web_chat_last_3_months,numerical
535,qta_cnt_attivita_sollecito_last_3_months,numerical
536,qta_cnt_attivita_telefonate_gestione_credito_last_3_months,numerical
537,qta_cnt_attivita_vas_last_3_months,numerical
538,qta_cnt_attivita_vocal_last_3_months,numerical
539,fln_scarti_trasporto_last_1_months,numerical
540,fln_scarti_sap_sd_last_1_months,numerical
541,fln_scarti_sempre_sap_last_1_months,numerical
542,fln_scarti_sdd_rid_last_1_months,numerical
543,cdc_livello_sollecito_last_diffida_cli,categorical
544,sds_descr_canale_altern_soll_elaborato_last_diffida_cli,categorical
545,cdc_procedura_sollecito_last_diffida_cli,categorical
546,sds_descr_canale_altern_soll_elaborato_last_sollecito_cli,categorical
547,cdc_procedura_sollecito_last_sollecito_cli,categorical
548,qta_days_diff_diffida_fattura_cli,numerical
549,qta_days_last_diffida_cli,numerical
550,qta_days_diff_sollecito_fattura_cli,numerical
551,qta_days_last_sollecito_cli,numerical
552,val_totale_pagare_last_diffida_cli,numerical
553,val_totale_pagare_last_sollecito_cli,numerical
554,qta_cnt_solleciti_livello_01_cli,numerical
555,qta_cnt_sms_cli,numerical
556,qta_cnt_mail_di_sollecito_cli,numerical
557,qta_cnt_diffida_procedura_M1_cli,numerical
558,qta_cnt_sollecito_cartaceo_cli,numerical
559,qta_cnt_diffida_procedura_M3_cli,numerical
560,fln_sollecito_last_2_months_cli,numerical
561,qta_cnt_sollecito_procedura_M2_cli,numerical
562,qta_cnt_sollecito_procedura_M1_cli,numerical
563,qta_cnt_diffida_procedura_M4_cli,numerical
564,qta_cnt_sollecito_procedura_M0_cli,numerical
565,qta_cnt_diffida_procedura_M2_cli,numerical
566,fln_diffida_last_2_months_cli,numerical
567,qta_cnt_diffida_cartacea_cli,numerical
568,qta_cnt_diffide_livello_02_cli,numerical
569,qta_cnt_diffida_cartacea_serv,numerical
570,fln_diffida_last_2_months_serv,numerical
571,fln_sollecito_last_2_months_serv,numerical
572,val_mean_days_scadenza_fattura_pagamento_servizio_last_6_months_canale_ALL,numerical
573,val_mean_fattura_non_pagata_servizio_last_6_months_canale_ALL,numerical
574,fln_fattura_pagata_non_totalmente_servizio_last_6_months_canale_ALL,numerical
575,fln_fattura_non_pagata_servizio_last_6_months_canale_ALL,numerical
576,qta_max_days_emissione_fattura_pagamento_servizio_last_6_months_canale_ALL,numerical
577,val_mean_fattura_pagata_totalmente_nei_tempi_servizio_last_6_months_canale_ALL,numerical
578,val_mean_fattura_pagata_non_totalmente_servizio_last_6_months_canale_ALL,numerical
579,val_mean_fattura_pagata_totalmente_in_ritardo_servizio_last_6_months_canale_ALL,numerical
580,val_mean_days_emissione_fattura_pagamento_servizio_last_6_months_canale_ALL,numerical
581,qta_cnt_fattura_non_pagata_servizio_last_6_months_canale_ALL,numerical
582,qta_max_days_scadenza_fattura_pagamento_servizio_last_6_months_canale_ALL,numerical
583,qta_cnt_fattura_pagata_non_totalmente_servizio_last_6_months_canale_ALL,numerical
584,fln_fattura_pagata_totalmente_in_ritardo_servizio_last_6_months_canale_ALL,numerical
585,fln_fattura_pagata_totalmente_nei_tempi_servizio_last_6_months_canale_ALL,numerical
586,qta_cnt_fattura_pagata_totalmente_in_ritardo_servizio_last_6_months_canale_ALL,numerical
587,qta_cnt_fattura_pagata_totalmente_nei_tempi_servizio_last_6_months_canale_ALL,numerical
588,val_max_val_fattura_non_pagato_servizio_last_6_months_canale_ALL,numerical
589,val_mean_val_fattura_non_pagato_servizio_last_6_months_canale_ALL,numerical
590,val_max_val_fattura_non_pagato_servizio_last_3_months_canale_ALL,numerical
591,val_mean_days_emissione_fattura_pagamento_servizio_last_3_months_canale_ALL,numerical
592,val_mean_days_scadenza_fattura_pagamento_servizio_last_3_months_canale_ALL,numerical
593,val_mean_fattura_non_pagata_servizio_last_3_months_canale_ALL,numerical
594,val_mean_fattura_pagata_non_totalmente_servizio_last_3_months_canale_ALL,numerical
595,val_mean_fattura_pagata_totalmente_in_ritardo_servizio_last_3_months_canale_ALL,numerical
596,val_mean_fattura_pagata_totalmente_nei_tempi_servizio_last_3_months_canale_ALL,numerical
597,val_mean_val_fattura_non_pagato_servizio_last_3_months_canale_ALL,numerical
598,qta_max_days_emissione_fattura_pagamento_servizio_last_3_months_canale_ALL,numerical
599,qta_max_days_scadenza_fattura_pagamento_servizio_last_3_months_canale_ALL,numerical
600,qta_cnt_fattura_non_pagata_servizio_last_3_months_canale_ALL,numerical
601,qta_cnt_fattura_pagata_non_totalmente_servizio_last_3_months_canale_ALL,numerical
602,qta_cnt_fattura_pagata_totalmente_in_ritardo_servizio_last_3_months_canale_ALL,numerical
603,qta_cnt_fattura_pagata_totalmente_nei_tempi_servizio_last_3_months_canale_ALL,numerical
604,qta_mesi_bw,numerical
605,fln_bolletta_web_attiva,numerical
606,fln_venditore_mercato_libero_gas_comune_METANO_NORD_SPA,numerical
607,fln_stesso_venditore_distributore_gas,numerical
608,fln_venditore_mercato_libero_gas_comune_EVOLVE_SRL,numerical
609,fln_venditore_mercato_libero_gas_comune_BURGO_GROUP,numerical
610,fln_venditore_mercato_libero_gas_comune_Gruppo_Canarbino,numerical
611,fln_venditore_mercato_libero_gas_comune_Gas_Rimini,numerical
612,fln_venditore_mercato_libero_gas_comune_Dolomiti_Energia,numerical
613,qta_cnt_venditori_mercato_libero_gas_comune,numerical
614,fln_distributore_gas_comune_Italgas,numerical
615,fln_distributore_gas_comune_2i_Rete_Gas_SpA,numerical
616,fln_venditore_mercato_libero_gas_comune_AIMAG,numerical
617,fln_venditore_mercato_libero_gas_comune_HERA,numerical
618,qta_cnt_comuni_serviti_distributore_gas,numerical
619,fln_venditore_mercato_libero_ele_comune_Gas_Rimini,numerical
620,qta_cnt_competitor_forti_enel_venditore_mercato_libero_ele,numerical
621,qta_cnt_competitor_forti_enel_venditore_mercato_libero_gas,numerical
622,qta_cnt_venditori_mercato_libero_ele_comune,numerical
623,fln_venditore_mercato_libero_gas_comune_Unogas,numerical
624,fln_distributore_energia_big,numerical
625,fln_distributore_energia_comune_A2A,numerical
626,fln_distributore_energia_comune_ASTEA_SPA,numerical
627,fln_distributore_energia_comune_Acea,numerical
628,fln_distributore_energia_comune_Alperia,numerical
629,fln_distributore_energia_comune_Dolomiti_Energia,numerical
630,fln_distributore_energia_comune_ENEL,numerical
631,fln_distributore_energia_comune_HERA,numerical
632,fln_distributore_energia_comune_IREN,numerical
633,fln_distributore_energia_comune_municipalizzata,numerical
634,fln_distributore_energia_enel,numerical
635,fln_distributore_gas_big,numerical
636,fln_distributore_gas_comune_A2A,numerical
637,fln_distributore_gas_comune_Alperia,numerical
638,fln_distributore_gas_comune_Dolomiti_Energia,numerical
639,fln_distributore_gas_comune_EDISON,numerical
640,fln_distributore_gas_comune_HERA,numerical
641,fln_distributore_gas_comune_IREN,numerical
642,fln_distributore_gas_comune_municipalizzata,numerical
643,fln_multi_distributore_energia_comune,numerical
644,fln_multi_distributore_gas_comune,numerical
645,fln_multi_venditori_mercato_libero_ele_comune,numerical
646,fln_multi_venditori_mercato_libero_gas_comune,numerical
647,fln_stesso_distributore_gas_ele,numerical
648,fln_stesso_venditore_distributore_ele,numerical
649,fln_stesso_venditore_distributore_ele_no_enel,numerical
650,fln_venditore_mercato_libero_ele_big,numerical
651,fln_venditore_mercato_libero_ele_comune_A2A,numerical
652,fln_venditore_mercato_libero_ele_comune_Acea,numerical
653,fln_venditore_mercato_libero_ele_comune_Alperia,numerical
654,fln_venditore_mercato_libero_ele_comune_Axpo_Group,numerical
655,fln_venditore_mercato_libero_ele_comune_Dolomiti_Energia,numerical
656,fln_venditore_mercato_libero_ele_comune_EDISON,numerical
657,fln_venditore_mercato_libero_ele_comune_ENEGAN,numerical
658,fln_venditore_mercato_libero_ele_comune_ENEL,numerical
659,fln_venditore_mercato_libero_ele_comune_ENGIE,numerical
660,fln_venditore_mercato_libero_ele_comune_ENI,numerical
661,fln_venditore_mercato_libero_ele_comune_EOn,numerical
662,fln_venditore_mercato_libero_ele_comune_Gruppo_Canarbino,numerical
663,fln_venditore_mercato_libero_ele_comune_HERA,numerical
664,fln_venditore_mercato_libero_ele_comune_IREN,numerical
665,fln_venditore_mercato_libero_ele_comune_Unogas,numerical
666,fln_venditore_mercato_libero_ele_comune_sorgenia,numerical
667,fln_venditore_mercato_libero_ele_enel,numerical
668,fln_venditore_mercato_libero_ele_only_small,numerical
669,fln_venditore_mercato_libero_gas_big,numerical
670,fln_venditore_mercato_libero_gas_comune_A2A,numerical
671,fln_venditore_mercato_libero_gas_comune_Acea,numerical
672,fln_venditore_mercato_libero_gas_comune_Alperia,numerical
673,fln_venditore_mercato_libero_gas_comune_Axpo_Group,numerical
674,fln_venditore_mercato_libero_gas_comune_EDISON,numerical
675,fln_venditore_mercato_libero_gas_comune_ENEGAN,numerical
676,fln_venditore_mercato_libero_gas_comune_ENEL,numerical
677,fln_venditore_mercato_libero_gas_comune_ENGIE,numerical
678,fln_venditore_mercato_libero_gas_comune_ENI,numerical
679,fln_venditore_mercato_libero_gas_comune_EOn,numerical
680,fln_venditore_mercato_libero_gas_comune_Green_Network,numerical
681,fln_venditore_mercato_libero_gas_comune_IREN,numerical
682,fln_venditore_mercato_libero_gas_enel,numerical
683,fln_venditore_mercato_libero_gas_only_small,numerical
684,qta_cnt_comuni_serviti_distributore_energia,numerical
685,qta_cnt_distributori_energia_comune,numerical
686,qta_cnt_distributori_gas_comune,numerical
687,val_Cliente_con_servizio_cessato,numerical
688,val_Cliente_con_servizio_cessato_last_1_months,numerical
689,val_Cliente_con_servizio_cessato_last_3_months,numerical
690,val_Cliente_con_servizio_cessato_last_6_months,numerical
691,val_Cliente_con_comunicazione_swp_storico,numerical
692,val_Cliente_con_comunicazione_swp_storico_last_1_months,numerical
693,val_Cliente_con_comunicazione_swp_storico_last_3_months,numerical
694,val_Cliente_con_comunicazione_swp_storico_last_6_months,numerical
695,qta_cnt_fln_contatti_inbound_reclamo_m1,numerical
696,qta_cnt_fln_contatti_inbound_guasti_m1,numerical
697,qta_cnt_fln_contatti_inbound_autolet_m1,numerical
698,qta_cnt_fln_contatti_inbound_m1,numerical
699,qta_cnt_fln_chiamate_inbound_m1,numerical
700,qta_cnt_fln_contatti_inbound_reclamo_m3,numerical
701,qta_cnt_fln_contatti_inbound_guasti_m3,numerical
702,qta_cnt_fln_contatti_inbound_autolet_m3,numerical
703,qta_cnt_fln_contatti_inbound_m3,numerical
704,qta_cnt_fln_chiamate_inbound_m3,numerical
705,qta_cnt_fln_contatti_inbound_reclamo_m6,numerical
706,qta_cnt_fln_contatti_inbound_guasti_m6,numerical
707,qta_cnt_fln_contatti_inbound_autolet_m6,numerical
708,qta_cnt_fln_contatti_inbound_m6,numerical
709,qta_cnt_fln_chiamate_inbound_m6,numerical
710,qta_cnt_fln_contatti_inbound_reclamo_m9,numerical
711,qta_cnt_fln_contatti_inbound_guasti_m9,numerical
712,qta_cnt_fln_contatti_inbound_autolet_m9,numerical
713,qta_cnt_fln_contatti_inbound_m9,numerical
714,qta_cnt_fln_chiamate_inbound_m9,numerical
715,qta_cnt_fln_contatti_inbound_reclamo_m12,numerical
716,qta_cnt_fln_contatti_inbound_guasti_m12,numerical
717,qta_cnt_fln_contatti_inbound_autolet_m12,numerical
718,qta_cnt_fln_contatti_inbound_m12,numerical
719,qta_cnt_fln_chiamate_inbound_m12,numerical
720,fln_enelpremia_flag,numerical
721,val_punti_avg_m1,numerical
722,val_punti_delta_m3,numerical
723,val_punti_avg_m3,numerical
724,val_punti_min_m3,numerical
725,val_punti_max_m3,numerical
726,val_punti_delta_m9,numerical
727,val_punti_avg_m9,numerical
728,val_punti_min_m9,numerical
729,val_punti_max_m9,numerical
730,cdc_tenure_bucket,categorical
731,cdn_cv2_servizio,categorical
732,dta_foto_bi,date
733,cdc_cv_fasce_servizio,categorical
734,cdc_cv_fasce_cliente,categorical
735,cdn_cv2_cliente,categorical
736,cdc_tenure_bucket_cliente,categorical
737,fln_distacco_last_2_months,numerical
738,qta_cnt_distacchi_last_2_months,numerical
739,fln_riallaccio_last_2_months,numerical
740,qta_cnt_riallaccio_last_2_months,numerical
741,fln_servizio_attualmente_distaccato,numerical
742,fln_servizio_distaccato_e_riallacciato,numerical
743,qta_days_servizio_attualmente_distaccato,numerical
744,qta_days_servizio_riallacciato,numerical
745,fln_comunicazione_rinnovo_last_1_months,numerical
746,fln_comunicazione_rinnovo_last_1_months_sottocanale_CARTACEO,numerical
747,fln_comunicazione_rinnovo_last_1_months_sottocanale_FATTURA,numerical
748,fln_comunicazione_rinnovo_last_1_months_sottocanale_PEC,numerical
749,fln_rinnovo_last_1_months,numerical
750,fln_rinnovo_last_1_months_tipologia_ADEGUAMENTO,numerical
751,fln_rinnovo_last_1_months_tipologia_RVC,numerical
752,val_delta_prezzo_ele_last_1_months,numerical
753,val_delta_prezzo_gas_last_1_months,numerical
754,val_delta_prezzo_percentuale_ele_last_1_months,numerical
755,val_delta_prezzo_percentuale_gas_last_1_months,numerical
756,qta_days_emissione_fattura_pagamento_servizio_ultima_bolletta_emessa_canale_ALL,numerical
757,qta_days_incasso_fattura_today_servizio_ultima_bolletta_emessa_canale_ALL,numerical
758,qta_days_scadenza_fattura_pagamento_servizio_ultima_bolletta_emessa_canale_ALL,numerical
759,fln_fattura_non_pagata_servizio_ultima_bolletta_emessa_canale_ALL,numerical
760,fln_fattura_pagata_non_totalmente_servizio_ultima_bolletta_emessa_canale_ALL,numerical
761,fln_fattura_pagata_totalmente_in_ritardo_servizio_ultima_bolletta_emessa_canale_ALL,numerical
762,fln_fattura_pagata_totalmente_nei_tempi_servizio_ultima_bolletta_emessa_canale_ALL,numerical
763,val_fattura_non_pagato_servizio_ultima_bolletta_emessa_canale_ALL,numerical
764,val_fattura_servizio_ultima_bolletta_emessa_canale_ALL,numerical
765,val_incasso_servizio_ultima_bolletta_emessa_canale_ALL,numerical
766,idn_run,numerical
767,monthDiff,numerical
768,fln_bsnFilter,numerical
