,column,n_distinct_value
0,idn_servizio_sk,481462
1,idn_cliente_sk,376948
2,cdc_stato_servizio_calc,5
3,fk_cliente_unico,368825
4,idc_id_key_servizio,481462
5,idn_sito_sk,453492
6,lds_prodotto_listino_2,182
7,sds_segmento_new,2
8,idc_id_key_cliente,376947
9,lds_nome_listino,654
10,lds_macro_prodotto,169
11,idc_id_key_contratto,450744
12,idn_contratto_sk,450745
13,cdc_pdr,481015
14,dta_creazione_att_swp,558
15,sds_commodity,2
16,mds_canale_acquisizione,14
17,cdc_rid,2
18,cdc_cap_nrm,4649
19,lds_categoria_prodotto,3
20,lds_tipo_uso,7
21,sds_macro_categoria_ateco,22
22,sds_categoria_ateco_intermedia,87
23,qta_eta_nrm,101
24,cdc_residente,2
25,qta_indice_stress_comm_ult_30gg,87
26,qta_indice_contattosita_ult_30gg,2
27,val_fascia_stress,8
28,val_fascia_contattosita,2
29,mds_tipologia_pagamento,7
30,cdc_id_mercato,4
31,lds_nazione_nascita,6
32,sds_provincia_fatturazione,108
33,sds_provincia_fornitura,108
34,sds_regione_fornitura,23
35,sds_regione_fatturazione,23
36,sds_mat_fatturazione,5
37,sds_mat_fornitura,5
38,sds_provincia,109
39,sds_regione,23
40,sds_mat,6
41,flc_sesso_nrm,4
42,val_paga_ritardo_max_ciclo_last_6_months,113959
43,val_paga_ritardo_mean_ciclo_last_6_months,274002
44,val_paga_ritardo_min_ciclo_last_6_months,38198
45,val_paga_ritardo_sum_ciclo_last_6_months,206679
46,qta_paga_ritardo_ciclo_last_6_months,73
47,val_paga_ritardo_max_ciclo_last_3_months,79891
48,val_paga_ritardo_mean_ciclo_last_3_months,130997
49,val_paga_ritardo_min_ciclo_last_3_months,42067
50,val_paga_ritardo_sum_ciclo_last_3_months,105756
51,qta_paga_ritardo_ciclo_last_3_months,40
52,val_paga_ritardo_max_ciclo_last_1_months,35657
53,val_paga_ritardo_mean_ciclo_last_1_months,35686
54,val_paga_ritardo_min_ciclo_last_1_months,35527
55,val_paga_ritardo_sum_ciclo_last_1_months,35665
56,qta_paga_ritardo_ciclo_last_1_months,20
57,lds_societa_vendita,4
58,fln_player_forte,2
59,cdc_win_back_m3,2
60,fln_player_forte_win_back,2
61,mds_sottocanale,4418
62,flc_vas,4
63,qta_cnt_mds_tipologia_attivita_gestione_pagamenti_m1,15
64,qta_cnt_mds_tipologia_attivita_gestione_pagamenti_m3,31
65,qta_cnt_mds_tipologia_attivita_gestione_pagamenti_m6,53
66,qta_cnt_mds_tipologia_attivita_gestione_pagamenti_m9,75
67,qta_cnt_mds_tipologia_attivita_gestione_pagamenti_m12,83
68,val_churn,2
69,val_churn_3_months,2
70,val_comunicazione_swp_1_month,2
71,val_comunicazione_swp_2_months,2
72,val_comunicazione_swp_3_months,2
73,qta_anzianita_servizio,2355
74,fln_prima_meta,2
75,fln_rischio_Baby_Churn,2
76,fln_rischio_Pre_Rinnovo,2
77,val_perc_Abitazioni_Residenti,27143
78,val_perc_Abitazioni_Vuote,26995
79,val_perc_Altri_Tipi_Alloggio,5668
80,val_perc_Abitazioni_Non_Residenti,3836
81,val_perc_Famiglie_Alloggio_Affitto,22329
82,val_perc_Famiglie_Alloggio_Proprieta,23074
83,val_perc_Famiglie_Alloggio_Altro,16603
84,val_perc_Famiglie_1_Componente,21920
85,val_perc_Famiglie_2_Componente,17184
86,val_perc_Famiglie_3_Componente,16302
87,val_perc_Famiglie_4_Componente,18041
88,val_perc_Famiglie_5_Componente,13238
89,val_perc_Famiglie_6+_Componente,10245
90,val_pop_res_totale,7948
91,val_pop_res_totale_15_anni_e_piu_casalinghe,4992
92,val_reddito_disponibile,85402
93,val_consumi_famiglie,24476
94,val_pop_res_totale_15_anni_e_piu_non_appartenente_alle_forze_di_lavoro_nfl,33332
95,val_studenti,6387
96,val_pop_res_totale_che_si_sposta_giornalmente_nel_comune_dimora_abituale,39949
97,val_pop_res_totale_che_si_sposta_giornalmente_fuori_dal_comune_dimora_abituale,51939
98,val_totale_istruzione_pesata,58508
99,mds_comune,7032
100,mds_provincia,103
101,mds_land_type,4
102,cdc_cd_censimento,108371
103,cdc_istat,7598
104,cdc_Codice_Regione,21
105,cdc_Zona_altimetrica,6
106,val_Altitudine_del_centro,1100
107,fln_Comune_litoraneo,3
108,cdc_Comune_Montano,4
109,val_Superficie_territoriale,7537
110,qta_Grado_di_urbanizzazione,4
111,sds_cluster_ele,8
112,sds_cluster_gas,7
113,sds_segmento_fasce,14
114,qta_giorni_ultimo_contatto_inbound,620
115,qta_giorni_ultimo_contatto_outbound,624
116,qta_giorni_ultimo_reclamo,620
117,mds_canale_acqu_fornitura,14
118,lds_categoria_uso,8
119,cdc_causale_attivazione,15
120,qta_numero_fattura_count_ciclo_last_1_months,20
121,qta_numero_fattura_count_ciclo_last_3_months,24
122,qta_numero_fattura_count_ciclo_last_6_months,35
123,qta_numero_fattura_count_ciclo_last_9_months,35
124,qta_numero_fattura_count_ciclo_last_12_months,35
125,qta_cnt_mds_specifica_adesione_m1,43
126,qta_cnt_mds_specifica_adesione_m3,60
127,qta_cnt_mds_specifica_adesione_m6,94
128,qta_cnt_mds_specifica_adesione_m9,96
129,qta_cnt_mds_specifica_adesione_m12,100
130,qta_cnt_mds_specifica_disdetta_m1,7
131,qta_cnt_mds_specifica_disdetta_m3,13
132,qta_cnt_mds_specifica_disdetta_m6,16
133,qta_cnt_mds_specifica_disdetta_m9,17
134,qta_cnt_mds_specifica_disdetta_m12,18
135,qta_cnt_mds_specifica_other_m1,401
136,qta_cnt_mds_specifica_other_m3,696
137,qta_cnt_mds_specifica_other_m6,978
138,qta_cnt_mds_specifica_other_m9,1174
139,qta_cnt_mds_specifica_other_m12,1300
140,qta_cnt_mds_specifica_visualizzazione_area_clienti_m1,1
141,qta_cnt_mds_specifica_visualizzazione_area_clienti_m3,1
142,qta_cnt_mds_specifica_visualizzazione_area_clienti_m6,1
143,qta_cnt_mds_specifica_visualizzazione_area_clienti_m9,1
144,qta_cnt_mds_specifica_visualizzazione_area_clienti_m12,1
145,qta_cnt_mds_tipologia_attivita_gestione_clienti_m1,123
146,qta_cnt_mds_tipologia_attivita_gestione_clienti_m3,198
147,qta_cnt_mds_tipologia_attivita_gestione_clienti_m6,284
148,qta_cnt_mds_tipologia_attivita_gestione_clienti_m9,321
149,qta_cnt_mds_tipologia_attivita_gestione_clienti_m12,338
150,qta_cnt_mds_tipologia_attivita_gestione_consumi_m1,22
151,qta_cnt_mds_tipologia_attivita_gestione_consumi_m3,36
152,qta_cnt_mds_tipologia_attivita_gestione_consumi_m6,50
153,qta_cnt_mds_tipologia_attivita_gestione_consumi_m9,66
154,qta_cnt_mds_tipologia_attivita_gestione_consumi_m12,74
155,qta_cnt_mds_tipologia_attivita_other_m1,401
156,qta_cnt_mds_tipologia_attivita_other_m3,665
157,qta_cnt_mds_tipologia_attivita_other_m6,926
158,qta_cnt_mds_tipologia_attivita_other_m9,1096
159,qta_cnt_mds_tipologia_attivita_other_m12,1211
160,cdc_commodity_attive,3
161,qta_cnt_mds_tipologia_attivita_gestione_bolletta_m1,2
162,qta_cnt_mds_tipologia_attivita_gestione_bolletta_m3,2
163,qta_cnt_mds_tipologia_attivita_gestione_bolletta_m6,3
164,qta_cnt_mds_tipologia_attivita_gestione_bolletta_m9,3
165,qta_cnt_mds_tipologia_attivita_gestione_bolletta_m12,3
166,qta_cnt_mds_tipologia_attivita_gestione_documenti_m1,69
167,qta_cnt_mds_tipologia_attivita_gestione_documenti_m3,110
168,qta_cnt_mds_tipologia_attivita_gestione_documenti_m6,143
169,qta_cnt_mds_tipologia_attivita_gestione_documenti_m9,165
170,qta_cnt_mds_tipologia_attivita_gestione_documenti_m12,188
171,qta_cnt_mds_tipologia_attivita_gestione_comunicazioni_m1,9
172,qta_cnt_mds_tipologia_attivita_gestione_comunicazioni_m3,28
173,qta_cnt_mds_tipologia_attivita_gestione_comunicazioni_m6,60
174,qta_cnt_mds_tipologia_attivita_gestione_comunicazioni_m9,60
175,qta_cnt_mds_tipologia_attivita_gestione_comunicazioni_m12,62
176,val_churn_2_months,2
177,lds_comune_fornitura,7588
178,cdc_bolletta_web,2
179,cdc_cluster_fattura_last,4
180,fln_primo_contatto_inbound,2
181,cdc_canale_criticita_infra_last_90_days,9
182,fln_criticita_infra_last_90_days,2
183,cdc_motivazione_criticita_infra_last_90_days,26
184,fln_criticita_cross_last_90_days,2
185,cdc_motivazione_criticita_cross_last_90_days,25
186,qta_days_since_last_inbound_contact,532
187,qta_days_since_last_inbound_contact_channel_APP,518
188,qta_days_since_last_inbound_contact_channel_FACE,529
189,qta_days_since_last_inbound_contact_channel_TELEFONICO,529
190,qta_days_since_last_inbound_contact_channel_DOCUMENTALE_COMPLESSO,528
191,qta_days_since_last_inbound_contact_channel_DOCUMENTALE,532
192,qta_days_since_last_inbound_contact_channel_CHAT,528
193,qta_days_since_last_inbound_contact_channel_WEB,530
194,qta_days_since_last_inbound_contact_microcausale_RETTIFICHE_CONSUMI_FATTURAZIONE,528
195,qta_days_since_last_inbound_contact_microcausale_INFORMATIVA,528
196,qta_days_since_last_inbound_contact_microcausale_VOLTURA,527
197,qta_days_since_last_inbound_contact_microcausale_PRIMA_ATTIVAZIONE,520
198,qta_days_since_last_inbound_contact_microcausale_COPIA_DOCUMENTAZIONI,529
199,qta_days_since_last_inbound_contact_microcausale_RIMBORSO_COMPENSAZIONE,525
200,qta_days_since_last_inbound_contact_microcausale_LAVORI_E_MODIFICHE_TECNICHE_POTENZA_TENSIONE,527
201,qta_days_since_last_inbound_contact_microcausale_INFORMATIVA_CREDITO,528
202,qta_days_since_last_inbound_contact_microcausale_DISTACCHI_RIALLACCI,531
203,qta_days_since_last_inbound_contact_microcausale_DISDETTE_E_CESSAZIONI,523
204,qta_days_since_last_inbound_contact_microcausale_GESTIONE_VAS,530
205,qta_days_since_last_inbound_contact_microcausale_AUTOLETTURA,522
206,qta_days_since_last_inbound_contact_microcausale_RIPENSAMENTO_O_DISCONOSCIMENTO,503
207,qta_days_since_last_inbound_contact_microcausale_MODIFICA_ANAGRAFICA_O_DATI_FORNITURA_FATTURAZIONE,530
208,qta_days_since_last_inbound_contact_microcausale_GESTIONE_FORNITURA,532
209,qta_days_since_last_inbound_contact_microcausale_RECLAMI_SCRITTI,392
210,qta_days_since_last_inbound_contact_microcausale_REPEATED_LIST,519
211,qta_days_since_last_inbound_contact_microcausale_INFORMATIVA_CONSUMI_PAGAMENTI,529
212,qta_days_since_last_inbound_contact_microcausale_SWITCH_ATTIVO,531
213,qta_days_since_last_inbound_contact_microcausale_MODALITA_DI_PAGAMENTO,528
214,qta_days_since_last_inbound_contact_microcausale_ALLACCIO_E_ATTIVAZIONE,526
215,qta_days_since_last_inbound_contact_microcausale_VERIFICHE_TECNICHE,525
216,qta_days_since_last_inbound_contact_microcausale_INFORMATIVA_NON_DI_COMPETENZA,529
217,qta_days_since_last_inbound_contact_microcausale_RVC,527
218,qta_days_since_last_inbound_contact_microcausale_GESTIONE_PRIVACY,528
219,qta_days_since_last_inbound_contact_microcausale_PIANO_DI_RIENTRO,532
220,qta_days_since_last_inbound_contact_microcausale_SUBENTRO,531
221,qta_days_since_last_inbound_contact_macrocausale_Causale_non_definita,529
222,qta_days_since_last_inbound_contact_macrocausale_Chiarimenti_su_fatture,530
223,qta_days_since_last_inbound_contact_macrocausale_Chiarimento_su_offerta,531
224,qta_days_since_last_inbound_contact_macrocausale_Credito,532
225,qta_days_since_last_inbound_contact_macrocausale_Esecuzione_lavori,527
226,qta_days_since_last_inbound_contact_macrocausale_Informativa,529
227,qta_days_since_last_inbound_contact_macrocausale_Problemi_in_fase_di_attivazione,532
228,qta_days_since_last_inbound_contact_macrocausale_Reclami_vendita_Privacy,528
229,qta_days_since_last_inbound_contact_macrocausale_Ritardata_esecuzione_subentri_volture_cessazioni_etc,532
230,fln_cliente_response_positiva_last_3_months,2
231,qta_cnt_cliente_response_positiva_last_3_months,22
232,fln_cliente_response_negativa_last_3_months,2
233,qta_cnt_cliente_response_negativa_last_3_months,5
234,fln_cliente_con_response_marketing_utile_last_3_months,2
235,qta_cnt_cliente_con_response_marketing_utile_last_3_months,38
236,fln_cliente_response_competitor_last_3_months,2
237,qta_cnt_flag_response_competitor_last_3_months,3
238,fln_cliente_accetta_proposta_last_3_months,2
239,qta_cnt_cliente_accetta_proposta_last_3_months,3
240,mds_nome_campagna_last_response_marketing_cli,699
241,xds_canale_last_response_marketing_cli,16
242,xds_tipo_azione_campagna_last_response_marketing_cli,5
243,xds_tipologia_azione_last_response_marketing_cli,12
244,qta_days_last_response_marketing_cli,609
245,qta_cnt_campagne_mktg_DEM_OUTBOUND_LOYALTY_PROMOZIONE_last_3_months,1
246,qta_cnt_campagne_mktg_GMC_OUTBOUND_ACQUISITION_DISPOSITIVA_last_3_months,1
247,qta_cnt_campagne_mktg_canale_DEM_last_3_months,27
248,qta_cnt_campagne_mktg_canale_GMC_last_3_months,9
249,qta_cnt_campagne_mktg_orientamento_OUTBOUND_last_3_months,38
250,qta_cnt_campagne_mktg_tipo_azione_campagna_PROMOZIONE_last_3_months,25
251,qta_cnt_campagne_mktg_tipologia_azione_LOYALTY_last_3_months,25
252,qta_cnt_campagne_mktg_APP_OUTBOUND_ACQUISITION_INFORMATIVA_last_3_months,1
253,qta_cnt_campagne_mktg_APP_OUTBOUND_CROSS_SELLING_DISPOSITIVA_last_3_months,1
254,qta_cnt_campagne_mktg_APP_OUTBOUND_LOYALTY_PROMOZIONE_last_3_months,1
255,qta_cnt_campagne_mktg_CS_OUTBOUND_CARING_ALTRO_last_3_months,1
256,qta_cnt_campagne_mktg_CS_OUTBOUND_UP_SELLING_DISPOSITIVA_last_3_months,1
257,qta_cnt_campagne_mktg_DEM_OUTBOUND_ACQUISITION_DISPOSITIVA_last_3_months,1
258,qta_cnt_campagne_mktg_DEM_OUTBOUND_ACQUISITION_INFORMATIVA_last_3_months,1
259,qta_cnt_campagne_mktg_DEM_OUTBOUND_ALTRO_DISPOSITIVA_last_3_months,1
260,qta_cnt_campagne_mktg_DEM_OUTBOUND_ALTRO_INFORMATIVA_last_3_months,1
261,qta_cnt_campagne_mktg_DEM_OUTBOUND_CARING_ALTRO_last_3_months,1
262,qta_cnt_campagne_mktg_DEM_OUTBOUND_CARING_CROSSSELLING_DISPOSITIVA_last_3_months,1
263,qta_cnt_campagne_mktg_DEM_OUTBOUND_CARING_DISPOSITIVA_last_3_months,1
264,qta_cnt_campagne_mktg_DEM_OUTBOUND_CARING_INFORMATIVA_last_3_months,1
265,qta_cnt_campagne_mktg_DEM_OUTBOUND_CARING_PROMOZIONE_last_3_months,1
266,qta_cnt_campagne_mktg_DEM_OUTBOUND_CROSS_SELLING_DISPOSITIVA_last_3_months,1
267,qta_cnt_campagne_mktg_DEM_OUTBOUND_LOYALTY_INFORMATIVA_last_3_months,1
268,qta_cnt_campagne_mktg_DEM_OUTBOUND_UP_SELLING_DISPOSITIVA_last_3_months,1
269,qta_cnt_campagne_mktg_DEM_OUTBOUND_UP_SELLING_INFORMATIVA_last_3_months,1
270,qta_cnt_campagne_mktg_DEM_OUTBOUND_UP_SELLING_TEST_last_3_months,1
271,qta_cnt_campagne_mktg_FATTURA_OUTBOUND_ACQUISITION_DISPOSITIVA_last_3_months,1
272,qta_cnt_campagne_mktg_FATTURA_OUTBOUND_ALTRO_INFORMATIVA_last_3_months,1
273,qta_cnt_campagne_mktg_FATTURA_OUTBOUND_CARING_DISPOSITIVA_last_3_months,1
274,qta_cnt_campagne_mktg_FATTURA_OUTBOUND_CARING_INFORMATIVA_last_3_months,1
275,qta_cnt_campagne_mktg_FATTURA_OUTBOUND_CROSS_SELLING_DISPOSITIVA_last_3_months,1
276,qta_cnt_campagne_mktg_FATTURA_OUTBOUND_CROSS_SELLING_PROMOZIONE_last_3_months,1
277,qta_cnt_campagne_mktg_FATTURA_OUTBOUND_LOYALTY_PROMOZIONE_last_3_months,1
278,qta_cnt_campagne_mktg_FATTURA_OUTBOUND_UP_SELLING_PROMOZIONE_last_3_months,1
279,qta_cnt_campagne_mktg_RDM_OUTBOUND_RICERCHE_DI_MERCATO_ALTRO_last_3_months,1
280,qta_cnt_campagne_mktg_S2S_INBOUND_ACQUISITION_INFORMATIVA_last_3_months,1
281,qta_cnt_campagne_mktg_S2S_INBOUND_CARING_INFORMATIVA_last_3_months,1
282,qta_cnt_campagne_mktg_S2S_INBOUND_CROSS_SELLING_DISPOSITIVA_last_3_months,1
283,qta_cnt_campagne_mktg_S2S_INBOUND_CROSS_SELLING_PROMOZIONE_last_3_months,1
284,qta_cnt_campagne_mktg_S2S_INBOUND_UP_SELLING_DISPOSITIVA_last_3_months,1
285,qta_cnt_campagne_mktg_SMS_OUTBOUND_1TO1_CROSSSELLING_DISPOSITIVA_last_3_months,1
286,qta_cnt_campagne_mktg_SMS_OUTBOUND_ACQUISITION_DISPOSITIVA_last_3_months,1
287,qta_cnt_campagne_mktg_SMS_OUTBOUND_ACQUISITION_INFORMATIVA_last_3_months,1
288,qta_cnt_campagne_mktg_SMS_OUTBOUND_CARING_CROSSSELLING_DISPOSITIVA_last_3_months,1
289,qta_cnt_campagne_mktg_SMS_OUTBOUND_CARING_DISPOSITIVA_last_3_months,1
290,qta_cnt_campagne_mktg_SMS_OUTBOUND_CARING_INFORMATIVA_last_3_months,1
291,qta_cnt_campagne_mktg_SMS_OUTBOUND_CARING_PROMOZIONE_last_3_months,1
292,qta_cnt_campagne_mktg_SMS_OUTBOUND_CROSS_SELLING_DISPOSITIVA_last_3_months,1
293,qta_cnt_campagne_mktg_SMS_OUTBOUND_LOYALTY_INFORMATIVA_last_3_months,1
294,qta_cnt_campagne_mktg_SMS_OUTBOUND_UP_SELLING_DISPOSITIVA_last_3_months,1
295,qta_cnt_campagne_mktg_SMS_OUTBOUND_UP_SELLING_PROMOZIONE_last_3_months,1
296,qta_cnt_campagne_mktg_TLS_OUTBOUND_1TO1_CROSSSELLING_DISPOSITIVA_last_3_months,1
297,qta_cnt_campagne_mktg_TLS_OUTBOUND_ACQUISITION_DISPOSITIVA_last_3_months,1
298,qta_cnt_campagne_mktg_TLS_OUTBOUND_CROSS_SELLING_DISPOSITIVA_last_3_months,1
299,qta_cnt_campagne_mktg_WEB_INBOUND_CARING_INFORMATIVA_last_3_months,1
300,qta_cnt_campagne_mktg_WEB_INBOUND_CROSS_SELLING_DISPOSITIVA_last_3_months,1
301,val_Residenti,1086
302,val_Lavoratori,1869
303,val_Turisti_totali,11766
304,lds_RETE_GAS,4
305,val_QUOTA_TUTELATO,239
306,val_POT_GAS_NETTO,79540
307,val_QUOTA_LIBERO,251
308,lds_Cluster_Polis_11_gruppi,13
309,val_Sh_ENEL_GAS,85989
310,val_Sh_ENEL_POWER,101366
311,val_Idx_Commercio,10937
312,val_Negozi_Compr_Mean,726
313,val_Negozi_Loc_Mean,787
314,val_POT_POWER_NETTO,96914
315,val_POT_TOTALE,105829
316,val_POT_TOTALE_NETTO,87606
317,sds_segmento_organizzativo_cliente,2
318,val_consumi_x_max_ciclo_ele_last_6_months,51966
319,val_consumi_x_min_ciclo_ele_last_6_months,43698
320,val_consumi_x_mean_ciclo_ele_last_6_months,316578
321,val_consumi_x_sum_ciclo_ele_last_6_months,182474
322,val_importo_addebito_x_sum_ciclo_ele_last_6_months,1108683
323,val_importo_addebito_x_mean_ciclo_ele_last_6_months,1557900
324,val_importo_addebito_x_min_ciclo_ele_last_6_months,259152
325,val_importo_addebito_x_max_ciclo_ele_last_6_months,335747
326,val_totale_pagare_x_sum_ciclo_ele_last_6_months,1108683
327,val_totale_pagare_x_mean_ciclo_ele_last_6_months,1557900
328,val_totale_pagare_x_min_ciclo_ele_last_6_months,259152
329,val_totale_pagare_x_max_ciclo_ele_last_6_months,335747
330,val_consumi_x_max_over_mean_ciclo_ele_last_6_months,2883576
331,val_consumi_x_min_over_mean_ciclo_ele_last_6_months,2691461
332,val_importo_addebito_x_max_over_mean_ciclo_ele_last_6_months,3419835
333,val_totale_pagare_x_min_over_mean_ciclo_ele_last_6_months,2913420
334,val_totale_pagare_x_max_over_mean_ciclo_ele_last_6_months,3419835
335,val_importo_addebito_x_min_over_mean_ciclo_ele_last_6_months,2913420
336,val_consumi_x_max_ciclo_ele_last_3_months,58405
337,val_consumi_x_min_ciclo_ele_last_3_months,54001
338,val_consumi_x_mean_ciclo_ele_last_3_months,180352
339,val_consumi_x_sum_ciclo_ele_last_3_months,128181
340,val_importo_addebito_x_sum_ciclo_ele_last_3_months,784946
341,val_importo_addebito_x_mean_ciclo_ele_last_3_months,1051757
342,val_importo_addebito_x_min_ciclo_ele_last_3_months,331267
343,val_importo_addebito_x_max_ciclo_ele_last_3_months,370116
344,val_totale_pagare_x_sum_ciclo_ele_last_3_months,784946
345,val_totale_pagare_x_mean_ciclo_ele_last_3_months,1051757
346,val_totale_pagare_x_min_ciclo_ele_last_3_months,331267
347,val_totale_pagare_x_max_ciclo_ele_last_3_months,370116
348,val_consumi_x_max_over_mean_ciclo_ele_last_3_months,2301877
349,val_consumi_x_min_over_mean_ciclo_ele_last_3_months,2223925
350,val_importo_addebito_x_max_over_mean_ciclo_ele_last_3_months,3279558
351,val_totale_pagare_x_min_over_mean_ciclo_ele_last_3_months,3002167
352,val_totale_pagare_x_max_over_mean_ciclo_ele_last_3_months,3279558
353,val_importo_addebito_x_min_over_mean_ciclo_ele_last_3_months,3002167
354,val_consumi_x_max_ciclo_ele_last_1_months,68432
355,val_consumi_x_min_ciclo_ele_last_1_months,68261
356,val_consumi_x_mean_ciclo_ele_last_1_months,77089
357,val_consumi_x_sum_ciclo_ele_last_1_months,71083
358,val_importo_addebito_x_sum_ciclo_ele_last_1_months,428766
359,val_importo_addebito_x_mean_ciclo_ele_last_1_months,462339
360,val_importo_addebito_x_min_ciclo_ele_last_1_months,419422
361,val_importo_addebito_x_max_ciclo_ele_last_1_months,423647
362,val_totale_pagare_x_sum_ciclo_ele_last_1_months,428766
363,val_totale_pagare_x_mean_ciclo_ele_last_1_months,462339
364,val_totale_pagare_x_min_ciclo_ele_last_1_months,419422
365,val_totale_pagare_x_max_ciclo_ele_last_1_months,423647
366,val_consumi_x_max_over_mean_ciclo_ele_last_1_months,12944
367,val_consumi_x_min_over_mean_ciclo_ele_last_1_months,11067
368,val_importo_addebito_x_max_over_mean_ciclo_ele_last_1_months,30351
369,val_totale_pagare_x_min_over_mean_ciclo_ele_last_1_months,30166
370,val_totale_pagare_x_max_over_mean_ciclo_ele_last_1_months,30351
371,val_importo_addebito_x_min_over_mean_ciclo_ele_last_1_months,30166
372,val_consumi_x_max_ciclo_gas_last_6_months,12445
373,val_consumi_x_min_ciclo_gas_last_6_months,8289
374,val_consumi_x_mean_ciclo_gas_last_6_months,46639
375,val_consumi_x_sum_ciclo_gas_last_6_months,32782
376,val_importo_addebito_x_sum_ciclo_gas_last_6_months,318003
377,val_importo_addebito_x_mean_ciclo_gas_last_6_months,336546
378,val_importo_addebito_x_min_ciclo_gas_last_6_months,78202
379,val_importo_addebito_x_max_ciclo_gas_last_6_months,142074
380,val_totale_pagare_x_sum_ciclo_gas_last_6_months,318003
381,val_totale_pagare_x_mean_ciclo_gas_last_6_months,336546
382,val_totale_pagare_x_min_ciclo_gas_last_6_months,78202
383,val_totale_pagare_x_max_ciclo_gas_last_6_months,142074
384,val_consumi_x_max_over_mean_ciclo_gas_last_6_months,327186
385,val_consumi_x_min_over_mean_ciclo_gas_last_6_months,232261
386,val_importo_addebito_x_max_over_mean_ciclo_gas_last_6_months,438238
387,val_totale_pagare_x_min_over_mean_ciclo_gas_last_6_months,431080
388,val_totale_pagare_x_max_over_mean_ciclo_gas_last_6_months,438238
389,val_importo_addebito_x_min_over_mean_ciclo_gas_last_6_months,431080
390,val_consumi_x_max_ciclo_gas_last_3_months,13082
391,val_consumi_x_min_ciclo_gas_last_3_months,11223
392,val_consumi_x_mean_ciclo_gas_last_3_months,31663
393,val_consumi_x_sum_ciclo_gas_last_3_months,24860
394,val_importo_addebito_x_sum_ciclo_gas_last_3_months,265621
395,val_importo_addebito_x_mean_ciclo_gas_last_3_months,295491
396,val_importo_addebito_x_min_ciclo_gas_last_3_months,122067
397,val_importo_addebito_x_max_ciclo_gas_last_3_months,152194
398,val_totale_pagare_x_sum_ciclo_gas_last_3_months,265621
399,val_totale_pagare_x_mean_ciclo_gas_last_3_months,295491
400,val_totale_pagare_x_min_ciclo_gas_last_3_months,122067
401,val_totale_pagare_x_max_ciclo_gas_last_3_months,152194
402,val_consumi_x_max_over_mean_ciclo_gas_last_3_months,247882
403,val_consumi_x_min_over_mean_ciclo_gas_last_3_months,221636
404,val_importo_addebito_x_max_over_mean_ciclo_gas_last_3_months,404747
405,val_totale_pagare_x_min_over_mean_ciclo_gas_last_3_months,401237
406,val_totale_pagare_x_max_over_mean_ciclo_gas_last_3_months,404747
407,val_importo_addebito_x_min_over_mean_ciclo_gas_last_3_months,401237
408,val_consumi_x_max_ciclo_gas_last_1_months,15015
409,val_consumi_x_min_ciclo_gas_last_1_months,14993
410,val_consumi_x_mean_ciclo_gas_last_1_months,15866
411,val_consumi_x_sum_ciclo_gas_last_1_months,15123
412,val_importo_addebito_x_sum_ciclo_gas_last_1_months,172725
413,val_importo_addebito_x_mean_ciclo_gas_last_1_months,173140
414,val_importo_addebito_x_min_ciclo_gas_last_1_months,171929
415,val_importo_addebito_x_max_ciclo_gas_last_1_months,172381
416,val_totale_pagare_x_sum_ciclo_gas_last_1_months,172725
417,val_totale_pagare_x_mean_ciclo_gas_last_1_months,173140
418,val_totale_pagare_x_min_ciclo_gas_last_1_months,171929
419,val_totale_pagare_x_max_ciclo_gas_last_1_months,172381
420,val_consumi_x_max_over_mean_ciclo_gas_last_1_months,1337
421,val_consumi_x_min_over_mean_ciclo_gas_last_1_months,1195
422,val_importo_addebito_x_max_over_mean_ciclo_gas_last_1_months,2596
423,val_totale_pagare_x_min_over_mean_ciclo_gas_last_1_months,2593
424,val_totale_pagare_x_max_over_mean_ciclo_gas_last_1_months,2596
425,val_importo_addebito_x_min_over_mean_ciclo_gas_last_1_months,2593
426,val_totale_pagare_x_last_ciclo,443282
427,val_importo_addebito_x_last_ciclo,443282
428,val_importo_addebito_x_last,447155
429,val_totale_pagare_x_last,447155
430,val_totale_pagare_x_last_over_mean,3738127
431,cdc_power_gas,2
432,qta_cnt_contatti_outbound_all_channel_m1,262
433,qta_cnt_contatti_outbound_all_channel_m3,489
434,qta_cnt_contatti_outbound_all_channel_m6,744
435,qta_cnt_contatti_outbound_all_channel_m9,936
436,qta_cnt_contatti_outbound_all_channel_m12,1062
437,qta_cnt_contatti_inbound_all_channel_m1,6
438,qta_cnt_contatti_inbound_all_channel_m3,14
439,qta_cnt_contatti_inbound_all_channel_m6,18
440,qta_cnt_contatti_inbound_all_channel_m9,19
441,qta_cnt_contatti_inbound_all_channel_m12,19
442,qta_cnt_contatti_inbound_totali_last_90_days,104
443,qta_cnt_canale_APP_last_90_days,29
444,qta_cnt_canale_CHAT_last_90_days,54
445,qta_cnt_canale_DOCUMENTALE_last_90_days,37
446,qta_cnt_canale_DOCUMENTALE_COMPLESSO_last_90_days,9
447,qta_cnt_canale_FACE_last_90_days,39
448,qta_cnt_canale_TELEFONICO_last_90_days,87
449,qta_cnt_canale_WEB_last_90_days,46
450,qta_cnt_microcausale_ALLACCIO_E_ATTIVAZIONE_last_90_days,38
451,qta_cnt_microcausale_AUTOLETTURA_last_90_days,41
452,qta_cnt_microcausale_COPIA_DOCUMENTAZIONI_last_90_days,16
453,qta_cnt_microcausale_DISDETTE_E_CESSAZIONI_last_90_days,15
454,qta_cnt_microcausale_DISTACCHI_RIALLACCI_last_90_days,21
455,qta_cnt_microcausale_GESTIONE_FORNITURA_last_90_days,22
456,qta_cnt_microcausale_GESTIONE_PRIVACY_last_90_days,6
457,qta_cnt_microcausale_GESTIONE_VAS_last_90_days,23
458,qta_cnt_microcausale_INFORMATIVA_last_90_days,23
459,qta_cnt_microcausale_INFORMATIVA_CONSUMI_PAGAMENTI_last_90_days,14
460,qta_cnt_microcausale_INFORMATIVA_CREDITO_last_90_days,25
461,qta_cnt_microcausale_INFORMATIVA_NON_DI_COMPETENZA_last_90_days,8
462,qta_cnt_microcausale_LAVORI_E_MODIFICHE_TECNICHE_POTENZA_TENSIONE_last_90_days,29
463,qta_cnt_microcausale_MODALITA_DI_PAGAMENTO_last_90_days,12
464,qta_cnt_microcausale_MODIFICA_ANAGRAFICA_O_DATI_FORNITURA_FATTURAZIONE_last_90_days,19
465,qta_cnt_microcausale_PIANO_DI_RIENTRO_last_90_days,33
466,qta_cnt_microcausale_PRIMA_ATTIVAZIONE_last_90_days,15
467,qta_cnt_microcausale_RECLAMI_SCRITTI_last_90_days,4
468,qta_cnt_microcausale_REPEATED_LIST_last_90_days,28
469,qta_cnt_microcausale_RETTIFICHE_CONSUMI_FATTURAZIONE_last_90_days,13
470,qta_cnt_microcausale_RIMBORSO_COMPENSAZIONE_last_90_days,10
471,qta_cnt_microcausale_RIPENSAMENTO_O_DISCONOSCIMENTO_last_90_days,5
472,qta_cnt_microcausale_RVC_last_90_days,15
473,qta_cnt_microcausale_SUBENTRO_last_90_days,29
474,qta_cnt_microcausale_SWITCH_ATTIVO_last_90_days,19
475,qta_cnt_microcausale_VERIFICHE_TECNICHE_last_90_days,11
476,qta_cnt_microcausale_VOLTURA_last_90_days,19
477,qta_cnt_macrocausale_Chiarimenti_su_fatture_last_90_days,45
478,qta_cnt_macrocausale_Chiarimento_su_offerta_last_90_days,22
479,qta_cnt_macrocausale_Credito_last_90_days,48
480,qta_cnt_macrocausale_Esecuzione_lavori_last_90_days,29
481,qta_cnt_macrocausale_Informativa_last_90_days,23
482,qta_cnt_macrocausale_Problemi_in_fase_di_attivazione_last_90_days,19
483,qta_cnt_macrocausale_Reclami_vendita_Privacy_last_90_days,7
484,qta_cnt_macrocausale_Ritardata_esecuzione_subentri_volture_cessazioni_etc_last_90_days,51
485,qta_frequenza_contatto,10
486,val_potenza_contrattuale,1623
487,qta_cnt_mds_tipologia_attivita_gestione_credito_m1,13
488,qta_cnt_mds_tipologia_attivita_gestione_credito_m3,16
489,qta_cnt_mds_tipologia_attivita_gestione_credito_m6,20
490,qta_cnt_mds_tipologia_attivita_gestione_credito_m9,21
491,qta_cnt_mds_tipologia_attivita_gestione_credito_m12,23
492,fln_cell_m0_mono_flag,3
493,qta_cnt_mds_tipologia_attivita_gestione_notifiche_m1,1
494,qta_cnt_mds_tipologia_attivita_gestione_notifiche_m3,6
495,qta_cnt_mds_tipologia_attivita_gestione_notifiche_m6,12
496,qta_cnt_mds_tipologia_attivita_gestione_notifiche_m9,12
497,qta_cnt_mds_tipologia_attivita_gestione_notifiche_m12,12
498,dta_cessazione,20
499,fk_idn_audit_programma,1
500,dta_attivazione,575
501,dta_t0,15
502,qta_servizi_gas,86
503,qta_servizi_elettrici,246
504,val_rimborsi_mean_ciclo_last_3_months,2678
505,qta_cnt_reclami_last_month,47
506,qta_cnt_attivita_allaccio_servizi_last_3_months,162
507,qta_cnt_attivita_analisi_fatturato_situazione_contabile_last_3_months,8
508,qta_cnt_attivita_autoletture_last_3_months,66
509,qta_cnt_attivita_blacklist_last_3_months,33
510,qta_cnt_attivita_bolletta_fatturazione_last_3_months,115
511,qta_cnt_attivita_bye_bye_letter_last_3_months,6
512,qta_cnt_attivita_comunicazione_SWP_last_3_months,51
513,qta_cnt_attivita_contratti_last_3_months,112
514,qta_cnt_attivita_credito_last_3_months,96
515,qta_cnt_attivita_dl_piano_casa_last_3_months,30
516,qta_cnt_attivita_dati_catastali_last_3_months,49
517,qta_cnt_attivita_delibera_147_last_3_months,27
518,qta_cnt_attivita_fattura_mancata_ritardata_last_3_months,12
519,qta_cnt_attivita_gestione_clienti_last_3_months,43
520,qta_cnt_attivita_indennizzo_last_3_months,7
521,qta_cnt_attivita_invio_WL_pesante_last_3_months,31
522,qta_cnt_attivita_lavori_rete_last_3_months,85
523,qta_cnt_attivita_modifiche_variazioni_last_3_months,78
524,qta_cnt_attivita_morosita_last_3_months,15
525,qta_cnt_attivita_pagamenti_metodi_pagamento_last_3_months,67
526,qta_cnt_attivita_posta_documenti_last_3_months,74
527,qta_cnt_attivita_processi_richieste_suggello_recesso_voltura_last_3_months,136
528,qta_cnt_attivita_recesso_suggello_voltura_mancata_ritardata_last_3_months,8
529,qta_cnt_attivita_reclamo_last_3_months,62
530,qta_cnt_attivita_ricezione_invio_documentazione_last_3_months,105
531,qta_cnt_attivita_richiesta_informazioni_last_3_months,90
532,qta_cnt_attivita_ripensamento_last_3_months,13
533,qta_cnt_attivita_secondo_livello_last_3_months,14
534,qta_cnt_attivita_sito_web_chat_last_3_months,14
535,qta_cnt_attivita_sollecito_last_3_months,15
536,qta_cnt_attivita_telefonate_gestione_credito_last_3_months,14
537,qta_cnt_attivita_vas_last_3_months,53
538,qta_cnt_attivita_vocal_last_3_months,19
539,fln_scarti_trasporto_last_1_months,2
540,fln_scarti_sap_sd_last_1_months,2
541,fln_scarti_sempre_sap_last_1_months,2
542,fln_scarti_sdd_rid_last_1_months,2
543,cdc_livello_sollecito_last_diffida_cli,2
544,sds_descr_canale_altern_soll_elaborato_last_diffida_cli,3
545,cdc_procedura_sollecito_last_diffida_cli,16
546,sds_descr_canale_altern_soll_elaborato_last_sollecito_cli,4
547,cdc_procedura_sollecito_last_sollecito_cli,7
548,qta_days_diff_diffida_fattura_cli,591
549,qta_days_last_diffida_cli,577
550,qta_days_diff_sollecito_fattura_cli,476
551,qta_days_last_sollecito_cli,591
552,val_totale_pagare_last_diffida_cli,165580
553,val_totale_pagare_last_sollecito_cli,114188
554,qta_cnt_solleciti_livello_01_cli,6
555,qta_cnt_sms_cli,4
556,qta_cnt_mail_di_sollecito_cli,6
557,qta_cnt_diffida_procedura_M1_cli,5
558,qta_cnt_sollecito_cartaceo_cli,5
559,qta_cnt_diffida_procedura_M3_cli,7
560,fln_sollecito_last_2_months_cli,2
561,qta_cnt_sollecito_procedura_M2_cli,6
562,qta_cnt_sollecito_procedura_M1_cli,5
563,qta_cnt_diffida_procedura_M4_cli,10
564,qta_cnt_sollecito_procedura_M0_cli,4
565,qta_cnt_diffida_procedura_M2_cli,5
566,fln_diffida_last_2_months_cli,2
567,qta_cnt_diffida_cartacea_cli,12
568,qta_cnt_diffide_livello_02_cli,12
569,qta_cnt_diffida_cartacea_serv,10
570,fln_diffida_last_2_months_serv,2
571,fln_sollecito_last_2_months_serv,2
572,val_mean_days_scadenza_fattura_pagamento_servizio_last_6_months_canale_ALL,28780
573,val_mean_fattura_non_pagata_servizio_last_6_months_canale_ALL,236
574,fln_fattura_pagata_non_totalmente_servizio_last_6_months_canale_ALL,2
575,fln_fattura_non_pagata_servizio_last_6_months_canale_ALL,2
576,qta_max_days_emissione_fattura_pagamento_servizio_last_6_months_canale_ALL,725
577,val_mean_fattura_pagata_totalmente_nei_tempi_servizio_last_6_months_canale_ALL,235
578,val_mean_fattura_pagata_non_totalmente_servizio_last_6_months_canale_ALL,239
579,val_mean_fattura_pagata_totalmente_in_ritardo_servizio_last_6_months_canale_ALL,220
580,val_mean_days_emissione_fattura_pagamento_servizio_last_6_months_canale_ALL,28189
581,qta_cnt_fattura_non_pagata_servizio_last_6_months_canale_ALL,58
582,qta_max_days_scadenza_fattura_pagamento_servizio_last_6_months_canale_ALL,717
583,qta_cnt_fattura_pagata_non_totalmente_servizio_last_6_months_canale_ALL,58
584,fln_fattura_pagata_totalmente_in_ritardo_servizio_last_6_months_canale_ALL,2
585,fln_fattura_pagata_totalmente_nei_tempi_servizio_last_6_months_canale_ALL,2
586,qta_cnt_fattura_pagata_totalmente_in_ritardo_servizio_last_6_months_canale_ALL,28
587,qta_cnt_fattura_pagata_totalmente_nei_tempi_servizio_last_6_months_canale_ALL,33
588,val_max_val_fattura_non_pagato_servizio_last_6_months_canale_ALL,182349
589,val_mean_val_fattura_non_pagato_servizio_last_6_months_canale_ALL,307192
590,val_max_val_fattura_non_pagato_servizio_last_3_months_canale_ALL,179650
591,val_mean_days_emissione_fattura_pagamento_servizio_last_3_months_canale_ALL,9404
592,val_mean_days_scadenza_fattura_pagamento_servizio_last_3_months_canale_ALL,9687
593,val_mean_fattura_non_pagata_servizio_last_3_months_canale_ALL,157
594,val_mean_fattura_pagata_non_totalmente_servizio_last_3_months_canale_ALL,157
595,val_mean_fattura_pagata_totalmente_in_ritardo_servizio_last_3_months_canale_ALL,121
596,val_mean_fattura_pagata_totalmente_nei_tempi_servizio_last_3_months_canale_ALL,153
597,val_mean_val_fattura_non_pagato_servizio_last_3_months_canale_ALL,283195
598,qta_max_days_emissione_fattura_pagamento_servizio_last_3_months_canale_ALL,572
599,qta_max_days_scadenza_fattura_pagamento_servizio_last_3_months_canale_ALL,588
600,qta_cnt_fattura_non_pagata_servizio_last_3_months_canale_ALL,46
601,qta_cnt_fattura_pagata_non_totalmente_servizio_last_3_months_canale_ALL,46
602,qta_cnt_fattura_pagata_totalmente_in_ritardo_servizio_last_3_months_canale_ALL,20
603,qta_cnt_fattura_pagata_totalmente_nei_tempi_servizio_last_3_months_canale_ALL,25
604,qta_mesi_bw,9
605,fln_bolletta_web_attiva,2
606,fln_venditore_mercato_libero_gas_comune_METANO_NORD_SPA,2
607,fln_stesso_venditore_distributore_gas,2
608,fln_venditore_mercato_libero_gas_comune_EVOLVE_SRL,2
609,fln_venditore_mercato_libero_gas_comune_BURGO_GROUP,3
610,fln_venditore_mercato_libero_gas_comune_Gruppo_Canarbino,5
611,fln_venditore_mercato_libero_gas_comune_Gas_Rimini,4
612,fln_venditore_mercato_libero_gas_comune_Dolomiti_Energia,2
613,qta_cnt_venditori_mercato_libero_gas_comune,99
614,fln_distributore_gas_comune_Italgas,3
615,fln_distributore_gas_comune_2i_Rete_Gas_SpA,3
616,fln_venditore_mercato_libero_gas_comune_AIMAG,3
617,fln_venditore_mercato_libero_gas_comune_HERA,6
618,qta_cnt_comuni_serviti_distributore_gas,130
619,fln_venditore_mercato_libero_ele_comune_Gas_Rimini,3
620,qta_cnt_competitor_forti_enel_venditore_mercato_libero_ele,43
621,qta_cnt_competitor_forti_enel_venditore_mercato_libero_gas,61
622,qta_cnt_venditori_mercato_libero_ele_comune,73
623,fln_venditore_mercato_libero_gas_comune_Unogas,5
624,fln_distributore_energia_big,2
625,fln_distributore_energia_comune_A2A,2
626,fln_distributore_energia_comune_ASTEA_SPA,2
627,fln_distributore_energia_comune_Acea,2
628,fln_distributore_energia_comune_Alperia,2
629,fln_distributore_energia_comune_Dolomiti_Energia,2
630,fln_distributore_energia_comune_ENEL,3
631,fln_distributore_energia_comune_HERA,2
632,fln_distributore_energia_comune_IREN,2
633,fln_distributore_energia_comune_municipalizzata,2
634,fln_distributore_energia_enel,2
635,fln_distributore_gas_big,2
636,fln_distributore_gas_comune_A2A,3
637,fln_distributore_gas_comune_Alperia,2
638,fln_distributore_gas_comune_Dolomiti_Energia,2
639,fln_distributore_gas_comune_EDISON,2
640,fln_distributore_gas_comune_HERA,3
641,fln_distributore_gas_comune_IREN,3
642,fln_distributore_gas_comune_municipalizzata,2
643,fln_multi_distributore_energia_comune,2
644,fln_multi_distributore_gas_comune,2
645,fln_multi_venditori_mercato_libero_ele_comune,2
646,fln_multi_venditori_mercato_libero_gas_comune,2
647,fln_stesso_distributore_gas_ele,2
648,fln_stesso_venditore_distributore_ele,2
649,fln_stesso_venditore_distributore_ele_no_enel,2
650,fln_venditore_mercato_libero_ele_big,2
651,fln_venditore_mercato_libero_ele_comune_A2A,3
652,fln_venditore_mercato_libero_ele_comune_Acea,3
653,fln_venditore_mercato_libero_ele_comune_Alperia,3
654,fln_venditore_mercato_libero_ele_comune_Axpo_Group,2
655,fln_venditore_mercato_libero_ele_comune_Dolomiti_Energia,2
656,fln_venditore_mercato_libero_ele_comune_EDISON,3
657,fln_venditore_mercato_libero_ele_comune_ENEGAN,3
658,fln_venditore_mercato_libero_ele_comune_ENEL,3
659,fln_venditore_mercato_libero_ele_comune_ENGIE,2
660,fln_venditore_mercato_libero_ele_comune_ENI,3
661,fln_venditore_mercato_libero_ele_comune_EOn,3
662,fln_venditore_mercato_libero_ele_comune_Gruppo_Canarbino,5
663,fln_venditore_mercato_libero_ele_comune_HERA,6
664,fln_venditore_mercato_libero_ele_comune_IREN,3
665,fln_venditore_mercato_libero_ele_comune_Unogas,5
666,fln_venditore_mercato_libero_ele_comune_sorgenia,2
667,fln_venditore_mercato_libero_ele_enel,2
668,fln_venditore_mercato_libero_ele_only_small,2
669,fln_venditore_mercato_libero_gas_big,2
670,fln_venditore_mercato_libero_gas_comune_A2A,3
671,fln_venditore_mercato_libero_gas_comune_Acea,3
672,fln_venditore_mercato_libero_gas_comune_Alperia,3
673,fln_venditore_mercato_libero_gas_comune_Axpo_Group,3
674,fln_venditore_mercato_libero_gas_comune_EDISON,4
675,fln_venditore_mercato_libero_gas_comune_ENEGAN,3
676,fln_venditore_mercato_libero_gas_comune_ENEL,3
677,fln_venditore_mercato_libero_gas_comune_ENGIE,3
678,fln_venditore_mercato_libero_gas_comune_ENI,3
679,fln_venditore_mercato_libero_gas_comune_EOn,3
680,fln_venditore_mercato_libero_gas_comune_Green_Network,2
681,fln_venditore_mercato_libero_gas_comune_IREN,3
682,fln_venditore_mercato_libero_gas_enel,2
683,fln_venditore_mercato_libero_gas_only_small,2
684,qta_cnt_comuni_serviti_distributore_energia,15
685,qta_cnt_distributori_energia_comune,5
686,qta_cnt_distributori_gas_comune,5
687,val_Cliente_con_servizio_cessato,2
688,val_Cliente_con_servizio_cessato_last_1_months,1
689,val_Cliente_con_servizio_cessato_last_3_months,2
690,val_Cliente_con_servizio_cessato_last_6_months,2
691,val_Cliente_con_comunicazione_swp_storico,2
692,val_Cliente_con_comunicazione_swp_storico_last_1_months,2
693,val_Cliente_con_comunicazione_swp_storico_last_3_months,2
694,val_Cliente_con_comunicazione_swp_storico_last_6_months,2
695,qta_cnt_fln_contatti_inbound_reclamo_m1,55
696,qta_cnt_fln_contatti_inbound_guasti_m1,6
697,qta_cnt_fln_contatti_inbound_autolet_m1,8
698,qta_cnt_fln_contatti_inbound_m1,55
699,qta_cnt_fln_chiamate_inbound_m1,13
700,qta_cnt_fln_contatti_inbound_reclamo_m3,83
701,qta_cnt_fln_contatti_inbound_guasti_m3,6
702,qta_cnt_fln_contatti_inbound_autolet_m3,14
703,qta_cnt_fln_contatti_inbound_m3,84
704,qta_cnt_fln_chiamate_inbound_m3,23
705,qta_cnt_fln_contatti_inbound_reclamo_m6,111
706,qta_cnt_fln_contatti_inbound_guasti_m6,7
707,qta_cnt_fln_contatti_inbound_autolet_m6,27
708,qta_cnt_fln_contatti_inbound_m6,112
709,qta_cnt_fln_chiamate_inbound_m6,29
710,qta_cnt_fln_contatti_inbound_reclamo_m9,126
711,qta_cnt_fln_contatti_inbound_guasti_m9,7
712,qta_cnt_fln_contatti_inbound_autolet_m9,31
713,qta_cnt_fln_contatti_inbound_m9,131
714,qta_cnt_fln_chiamate_inbound_m9,34
715,qta_cnt_fln_contatti_inbound_reclamo_m12,124
716,qta_cnt_fln_contatti_inbound_guasti_m12,7
717,qta_cnt_fln_contatti_inbound_autolet_m12,32
718,qta_cnt_fln_contatti_inbound_m12,130
719,qta_cnt_fln_chiamate_inbound_m12,39
720,fln_enelpremia_flag,1
721,val_punti_avg_m1,1
722,val_punti_delta_m3,1
723,val_punti_avg_m3,1
724,val_punti_min_m3,1
725,val_punti_max_m3,1
726,val_punti_delta_m9,1
727,val_punti_avg_m9,1
728,val_punti_min_m9,1
729,val_punti_max_m9,1
730,cdc_tenure_bucket,4
731,cdn_cv2_servizio,22868
732,dta_foto_bi,9
733,cdc_cv_fasce_servizio,6
734,cdc_cv_fasce_cliente,6
735,cdn_cv2_cliente,26896
736,cdc_tenure_bucket_cliente,4
737,fln_distacco_last_2_months,2
738,qta_cnt_distacchi_last_2_months,4
739,fln_riallaccio_last_2_months,2
740,qta_cnt_riallaccio_last_2_months,4
741,fln_servizio_attualmente_distaccato,2
742,fln_servizio_distaccato_e_riallacciato,2
743,qta_days_servizio_attualmente_distaccato,571
744,qta_days_servizio_riallacciato,608
745,fln_comunicazione_rinnovo_last_1_months,2
746,fln_comunicazione_rinnovo_last_1_months_sottocanale_CARTACEO,2
747,fln_comunicazione_rinnovo_last_1_months_sottocanale_FATTURA,2
748,fln_comunicazione_rinnovo_last_1_months_sottocanale_PEC,2
749,fln_rinnovo_last_1_months,2
750,fln_rinnovo_last_1_months_tipologia_ADEGUAMENTO,2
751,fln_rinnovo_last_1_months_tipologia_RVC,2
752,val_delta_prezzo_ele_last_1_months,7
753,val_delta_prezzo_gas_last_1_months,196
754,val_delta_prezzo_percentuale_ele_last_1_months,7
755,val_delta_prezzo_percentuale_gas_last_1_months,320
756,qta_days_emissione_fattura_pagamento_servizio_ultima_bolletta_emessa_canale_ALL,730
757,qta_days_incasso_fattura_today_servizio_ultima_bolletta_emessa_canale_ALL,1065
758,qta_days_scadenza_fattura_pagamento_servizio_ultima_bolletta_emessa_canale_ALL,704
759,fln_fattura_non_pagata_servizio_ultima_bolletta_emessa_canale_ALL,2
760,fln_fattura_pagata_non_totalmente_servizio_ultima_bolletta_emessa_canale_ALL,2
761,fln_fattura_pagata_totalmente_in_ritardo_servizio_ultima_bolletta_emessa_canale_ALL,2
762,fln_fattura_pagata_totalmente_nei_tempi_servizio_ultima_bolletta_emessa_canale_ALL,2
763,val_fattura_non_pagato_servizio_ultima_bolletta_emessa_canale_ALL,175151
764,val_fattura_servizio_ultima_bolletta_emessa_canale_ALL,408091
765,val_incasso_servizio_ultima_bolletta_emessa_canale_ALL,389062
766,idn_run,15
